customer_index,order_no,order_date,amount,people_count,order_type,table_type
1,YJN202605260001,2026-05-26,536.44,5,家庭聚餐,小包间
1,YJN202604290002,2026-04-29,441.78,3,家庭聚餐,小包间
1,YJN202603220003,2026-03-22,536.44,8,朋友聚餐,大包间
1,YJN202602270004,2026-02-27,568.0,4,家庭聚餐,大包间
1,YJN202601250005,2026-01-25,252.44,4,家庭聚餐,卡座
1,YJN202512290006,2025-12-29,473.33,4,家庭聚餐,窗边
1,YJN202511220007,2025-11-22,568.0,4,家庭聚餐,大包间
1,YJN202511100008,2025-11-10,504.89,2,家庭聚餐,大厅
1,YJN202510300009,2025-10-30,378.68,5,家庭聚餐,小包间
2,YJN202606120010,2026-06-12,569.05,8,商务宴请,大包间
2,YJN202605230011,2026-05-23,468.63,8,商务宴请,大包间
2,YJN202605050012,2026-05-05,368.21,5,生日宴,小包间
2,YJN202603270013,2026-03-27,334.74,6,家庭聚餐,小包间
2,YJN202602150014,2026-02-15,435.16,8,商务宴请,大包间
2,YJN202601090015,2026-01-09,569.05,8,商务宴请,大包间
2,YJN202512010016,2025-12-01,435.16,8,商务宴请,大包间
3,YJN202606020017,2026-06-02,576.0,6,家庭聚餐,小包间
3,YJN202605170018,2026-05-17,576.0,6,家庭聚餐,小包间
3,YJN202604230019,2026-04-23,480.0,5,家庭聚餐,小包间
3,YJN202603230020,2026-03-23,384.0,6,家庭聚餐,小包间
3,YJN202602180021,2026-02-18,512.0,6,家庭聚餐,小包间
3,YJN202601180022,2026-01-18,256.0,3,普通用餐,大厅
3,YJN202601080023,2026-01-08,288.0,4,家庭聚餐,卡座
3,YJN202512060024,2025-12-06,448.0,3,家庭聚餐,卡座
4,YJN202606190025,2026-06-19,612.57,6,生日宴,小包间
4,YJN202606030026,2026-06-03,536.0,6,生日宴,小包间
4,YJN202605050027,2026-05-05,612.57,5,生日宴,小包间
4,YJN202603280028,2026-03-28,306.29,8,公司聚餐,大包间
4,YJN202602150029,2026-02-15,306.29,4,生日宴,卡座
4,YJN202601090030,2026-01-09,306.28,5,生日宴,小包间
5,YJN202605190031,2026-05-19,637.5,8,商务宴请,大包间
5,YJN202604220032,2026-04-22,450.0,8,商务宴请,大包间
5,YJN202604130033,2026-04-13,562.5,8,商务宴请,大包间
5,YJN202603060034,2026-03-06,300.0,8,商务宴请,大包间
5,YJN202602100035,2026-02-10,487.5,6,普通用餐,小包间
5,YJN202512270036,2025-12-27,487.5,3,普通用餐,大厅
5,YJN202511130037,2025-11-13,675.0,8,商务宴请,大包间
5,YJN202510220038,2025-10-22,337.5,8,商务宴请,大包间
5,YJN202510110039,2025-10-11,525.0,8,商务宴请,大包间
5,YJN202508270040,2025-08-27,637.5,8,商务宴请,大包间
6,YJN202606250041,2026-06-25,567.27,8,商务宴请,大包间
6,YJN202605150042,2026-05-15,602.73,4,家庭聚餐,窗边
6,YJN202604240043,2026-04-24,531.82,6,家庭聚餐,小包间
6,YJN202603120044,2026-03-12,283.64,4,家庭聚餐,小包间
6,YJN202602120045,2026-02-12,354.54,3,家庭聚餐,小包间
7,YJN202605110046,2026-05-11,688.61,4,普通用餐,大包间
7,YJN202604150047,2026-04-15,516.46,8,公司聚餐,大包间
7,YJN202603310048,2026-03-31,473.42,8,公司聚餐,大包间
7,YJN202602150049,2026-02-15,516.46,8,公司聚餐,大包间
7,YJN202601040050,2026-01-04,516.46,8,公司聚餐,大包间
7,YJN202512030051,2025-12-03,473.42,8,公司聚餐,大包间
7,YJN202510310052,2025-10-31,645.57,8,公司聚餐,大包间
7,YJN202510010053,2025-10-01,559.49,8,公司聚餐,大包间
7,YJN202509140054,2025-09-14,645.57,3,家庭聚餐,大厅
7,YJN202508190055,2025-08-19,559.49,3,生日宴,窗边
7,YJN202508090056,2025-08-09,688.61,8,公司聚餐,大包间
7,YJN202507140057,2025-07-14,516.44,8,公司聚餐,大包间
8,YJN202606080058,2026-06-08,504.07,2,朋友聚餐,大厅
8,YJN202605050059,2026-05-05,302.44,6,家庭聚餐,小包间
8,YJN202603280060,2026-03-28,604.88,3,普通用餐,大包间
8,YJN202602180061,2026-02-18,336.05,2,家庭聚餐,大包间
8,YJN202601290062,2026-01-29,268.84,8,家庭聚餐,大包间
8,YJN202601030063,2026-01-03,537.67,2,朋友聚餐,大厅
8,YJN202512060064,2025-12-06,336.05,6,朋友聚餐,小包间
9,YJN202605300065,2026-05-30,322.98,8,公司聚餐,大包间
9,YJN202604200066,2026-04-20,466.53,8,商务宴请,大包间
9,YJN202603140067,2026-03-14,430.65,6,朋友聚餐,小包间
9,YJN202602170068,2026-02-17,538.31,3,家庭聚餐,卡座
9,YJN202601280069,2026-01-28,645.97,8,商务宴请,大包间
9,YJN202601130070,2026-01-13,574.19,4,生日宴,大厅
9,YJN202512150071,2025-12-15,574.19,8,商务宴请,大包间
9,YJN202511270072,2025-11-27,538.31,8,商务宴请,大包间
9,YJN202510210073,2025-10-21,358.87,8,商务宴请,大包间
10,YJN202606220074,2026-06-22,472.9,4,普通用餐,小包间
10,YJN202605170075,2026-05-17,400.14,8,普通用餐,大包间
10,YJN202604220076,2026-04-22,291.01,4,家庭聚餐,窗边
10,YJN202603240077,2026-03-24,436.52,6,家庭聚餐,小包间
10,YJN202602250078,2026-02-25,509.28,8,公司聚餐,大包间
10,YJN202601110079,2026-01-11,400.15,8,公司聚餐,大包间
11,YJN202606130080,2026-06-13,349.31,8,公司聚餐,大包间
11,YJN202605060081,2026-05-06,698.61,8,家庭聚餐,大包间
11,YJN202604190082,2026-04-19,465.74,6,普通用餐,小包间
11,YJN202603130083,2026-03-13,504.55,8,家庭聚餐,大包间
11,YJN202602100084,2026-02-10,659.8,6,家庭聚餐,小包间
11,YJN202601070085,2026-01-07,426.93,6,家庭聚餐,小包间
11,YJN202511250086,2025-11-25,426.93,6,家庭聚餐,小包间
11,YJN202510180087,2025-10-18,388.13,3,家庭聚餐,小包间
12,YJN202605010088,2026-05-01,601.34,8,商务宴请,大包间
12,YJN202603250089,2026-03-25,563.76,2,家庭聚餐,窗边
12,YJN202603090090,2026-03-09,338.26,2,家庭聚餐,大包间
12,YJN202601280091,2026-01-28,676.51,2,家庭聚餐,卡座
12,YJN202512250092,2025-12-25,413.42,5,普通用餐,小包间
12,YJN202511180093,2025-11-18,638.93,5,家庭聚餐,小包间
12,YJN202510050094,2025-10-05,563.76,3,家庭聚餐,大包间
12,YJN202509240095,2025-09-24,338.26,5,家庭聚餐,小包间
12,YJN202508120096,2025-08-12,601.34,5,家庭聚餐,小包间
12,YJN202507060097,2025-07-06,563.76,8,家庭聚餐,大包间
12,YJN202506090098,2025-06-09,300.66,3,生日宴,小包间
13,YJN202606270099,2026-06-27,301.85,8,商务宴请,大包间
13,YJN202606110100,2026-06-11,335.38,5,生日宴,小包间
13,YJN202605200101,2026-05-20,536.62,3,普通用餐,窗边
13,YJN202605120102,2026-05-12,469.54,3,普通用餐,小包间
13,YJN202605030103,2026-05-03,536.61,8,普通用餐,大包间
14,YJN202606050104,2026-06-05,349.41,2,家庭聚餐,大包间
14,YJN202605150105,2026-05-15,310.59,6,家庭聚餐,小包间
14,YJN202605030106,2026-05-03,698.82,2,家庭聚餐,窗边
14,YJN202604190107,2026-04-19,543.53,4,家庭聚餐,窗边
14,YJN202604090108,2026-04-09,660.0,8,公司聚餐,大包间
14,YJN202603040109,2026-03-04,310.59,6,家庭聚餐,小包间
14,YJN202602210110,2026-02-21,427.06,8,家庭聚餐,大包间
15,YJN202606170111,2026-06-17,446.88,8,商务宴请,大包间
15,YJN202605260112,2026-05-26,378.12,8,商务宴请,大包间
15,YJN202604220113,2026-04-22,412.5,8,家庭聚餐,大包间
15,YJN202603260114,2026-03-26,343.75,5,生日宴,小包间
15,YJN202603010115,2026-03-01,618.75,8,商务宴请,大包间
15,YJN202602180116,2026-02-18,550.0,8,商务宴请,大包间
16,YJN202605230117,2026-05-23,630.77,8,生日宴,大包间
16,YJN202604260118,2026-04-26,630.77,5,生日宴,小包间
16,YJN202603250119,2026-03-25,490.6,5,生日宴,小包间
16,YJN202603060120,2026-03-06,560.68,6,生日宴,小包间
16,YJN202601230121,2026-01-23,455.56,3,生日宴,小包间
16,YJN202512160122,2025-12-16,490.6,8,生日宴,大包间
16,YJN202511230123,2025-11-23,490.6,5,生日宴,小包间
16,YJN202511010124,2025-11-01,350.42,6,普通用餐,小包间
17,YJN202606100125,2026-06-10,375.35,3,普通用餐,窗边
17,YJN202605210126,2026-05-21,272.98,8,普通用餐,大包间
17,YJN202604060127,2026-04-06,409.47,8,商务宴请,大包间
17,YJN202602220128,2026-02-22,477.72,8,公司聚餐,大包间
17,YJN202602010129,2026-02-01,614.21,5,家庭聚餐,小包间
17,YJN202512250130,2025-12-25,580.09,4,生日宴,小包间
17,YJN202512040131,2025-12-04,580.09,6,朋友聚餐,小包间
17,YJN202511050132,2025-11-05,272.98,4,朋友聚餐,小包间
17,YJN202510090133,2025-10-09,307.11,5,朋友聚餐,小包间
18,YJN202606290134,2026-06-29,488.1,3,家庭聚餐,窗边
18,YJN202605290135,2026-05-29,292.86,6,家庭聚餐,小包间
18,YJN202605010136,2026-05-01,488.1,8,生日宴,大包间
18,YJN202603280137,2026-03-28,423.02,3,家庭聚餐,窗边
18,YJN202603180138,2026-03-18,357.92,5,家庭聚餐,小包间
19,YJN202607180139,2026-07-18,384.95,8,公司聚餐,大包间
19,YJN202606190140,2026-06-19,249.08,8,商务宴请,大包间
19,YJN202605260141,2026-05-26,339.66,4,生日宴,窗边
19,YJN202604170142,2026-04-17,362.31,6,生日宴,小包间
20,YJN202607250143,2026-07-25,159.6,6,普通用餐,小包间
20,YJN202606130144,2026-06-13,106.4,2,普通用餐,大厅
21,YJN202605010145,2026-05-01,152.16,8,公司聚餐,大包间
21,YJN202604090146,2026-04-09,266.28,8,公司聚餐,大包间
21,YJN202603280147,2026-03-28,190.2,8,公司聚餐,大包间
21,YJN202603110148,2026-03-11,342.36,8,公司聚餐,大包间
22,YJN202607280149,2026-07-28,276.25,6,朋友聚餐,小包间
22,YJN202606190150,2026-06-19,243.75,2,朋友聚餐,大厅
23,YJN202608110151,2026-08-11,158.86,8,公司聚餐,大包间
23,YJN202607300152,2026-07-30,119.14,8,公司聚餐,大包间
24,YJN202608090153,2026-08-09,610.48,6,家庭聚餐,小包间
24,YJN202608030154,2026-08-03,436.06,4,家庭聚餐,小包间
24,YJN202607270155,2026-07-27,392.46,4,普通用餐,大包间
25,YJN202605090156,2026-05-09,199.69,4,家庭聚餐,大厅
25,YJN202604160157,2026-04-16,226.31,8,公司聚餐,大包间
26,YJN202608260158,2026-08-26,335.32,8,商务宴请,大包间
26,YJN202608080159,2026-08-08,377.24,8,公司聚餐,大包间
26,YJN202608040160,2026-08-04,586.81,2,生日宴,卡座
26,YJN202608010161,2026-08-01,586.81,3,家庭聚餐,卡座
26,YJN202607240162,2026-07-24,586.82,8,商务宴请,大包间
27,YJN202608130163,2026-08-13,162,2,家庭聚餐,小包间
28,YJN202608090164,2026-08-09,685.6,6,生日宴,小包间
28,YJN202607300165,2026-07-30,728.45,4,普通用餐,大厅
28,YJN202607150166,2026-07-15,771.29,8,商务宴请,大包间
28,YJN202607020167,2026-07-02,342.8,4,普通用餐,卡座
28,YJN202606170168,2026-06-17,428.5,8,商务宴请,大包间
28,YJN202606100169,2026-06-10,557.05,6,普通用餐,小包间
28,YJN202606050170,2026-06-05,342.8,6,普通用餐,小包间
28,YJN202605220171,2026-05-22,471.35,3,普通用餐,大厅
28,YJN202605180172,2026-05-18,728.45,3,普通用餐,大包间
28,YJN202605120173,2026-05-12,428.5,8,公司聚餐,大包间
28,YJN202604260174,2026-04-26,599.9,5,普通用餐,小包间
28,YJN202604160175,2026-04-16,385.65,2,普通用餐,大厅
28,YJN202604110176,2026-04-11,514.2,4,普通用餐,大包间
28,YJN202603290177,2026-03-29,428.46,4,普通用餐,大厅
29,YJN202608090178,2026-08-09,273.16,6,家庭聚餐,小包间
29,YJN202608010179,2026-08-01,245.84,5,家庭聚餐,小包间
30,YJN202604170180,2026-04-17,299,2,生日宴,小包间
31,YJN202606140181,2026-06-14,315.43,5,家庭聚餐,小包间
31,YJN202605170182,2026-05-17,177.43,2,家庭聚餐,卡座
31,YJN202604150183,2026-04-15,335.14,6,家庭聚餐,小包间
32,YJN202607210184,2026-07-21,326.15,4,普通用餐,小包间
32,YJN202606190185,2026-06-19,203.85,3,普通用餐,大厅
33,YJN202608090186,2026-08-09,214.44,2,家庭聚餐,小包间
33,YJN202607240187,2026-07-24,300.22,3,家庭聚餐,大包间
33,YJN202607120188,2026-07-12,257.34,3,家庭聚餐,大包间
34,YJN202608090189,2026-08-09,195.35,4,生日宴,大包间
34,YJN202608020190,2026-08-02,217.06,6,生日宴,小包间
34,YJN202607210191,2026-07-21,260.47,6,生日宴,小包间
34,YJN202607080192,2026-07-08,173.65,6,生日宴,小包间
34,YJN202606290193,2026-06-29,303.88,8,生日宴,大包间
34,YJN202606110194,2026-06-11,282.18,8,生日宴,大包间
34,YJN202605290195,2026-05-29,369.0,4,生日宴,大厅
34,YJN202605210196,2026-05-21,303.88,8,商务宴请,大包间
34,YJN202605060197,2026-05-06,282.18,8,家庭聚餐,大包间
34,YJN202604230198,2026-04-23,325.59,4,生日宴,窗边
34,YJN202604110199,2026-04-11,282.18,8,商务宴请,大包间
34,YJN202603240200,2026-03-24,303.88,6,生日宴,小包间
34,YJN202603140201,2026-03-14,390.7,5,生日宴,小包间
35,YJN202605250202,2026-05-25,247.5,4,普通用餐,卡座
35,YJN202604210203,2026-04-21,247.5,2,普通用餐,大厅
36,YJN202608210204,2026-08-21,237.55,6,普通用餐,小包间
36,YJN202608070205,2026-08-07,388.72,8,公司聚餐,大包间
36,YJN202607300206,2026-07-30,388.73,5,朋友聚餐,小包间
37,YJN202608260207,2026-08-26,469.11,2,朋友聚餐,大包间
37,YJN202608160208,2026-08-16,416.99,5,朋友聚餐,小包间
37,YJN202607300209,2026-07-30,469.11,2,普通用餐,窗边
37,YJN202607160210,2026-07-16,625.48,4,朋友聚餐,大包间
37,YJN202607010211,2026-07-01,573.36,5,生日宴,小包间
37,YJN202606140212,2026-06-14,833.98,2,朋友聚餐,大包间
37,YJN202606070213,2026-06-07,833.97,8,商务宴请,大包间
38,YJN202607230214,2026-07-23,122,4,普通用餐,大厅
39,YJN202608240215,2026-08-24,265.24,8,公司聚餐,大包间
39,YJN202608110216,2026-08-11,235.76,8,公司聚餐,大包间
40,YJN202608280217,2026-08-28,500.65,4,家庭聚餐,大厅
40,YJN202608200218,2026-08-20,728.22,6,生日宴,小包间
40,YJN202608120219,2026-08-12,455.14,4,生日宴,窗边
40,YJN202607270220,2026-07-27,728.22,4,生日宴,大包间
40,YJN202607120221,2026-07-12,455.14,8,生日宴,大包间
40,YJN202607090222,2026-07-09,591.68,5,生日宴,小包间
40,YJN202606300223,2026-06-30,728.22,2,生日宴,小包间
40,YJN202606130224,2026-06-13,637.19,5,生日宴,小包间
40,YJN202605280225,2026-05-28,682.71,8,公司聚餐,大包间
40,YJN202605130226,2026-05-13,500.65,6,朋友聚餐,小包间
40,YJN202605100227,2026-05-10,637.18,8,生日宴,大包间
41,YJN202607310228,2026-07-31,267,2,普通用餐,窗边
42,YJN202608240229,2026-08-24,286,8,公司聚餐,大包间
43,YJN202608250230,2026-08-25,221,8,朋友聚餐,大包间
44,YJN202608010231,2026-08-01,210.0,3,朋友聚餐,卡座
44,YJN202607170232,2026-07-17,336.0,3,朋友聚餐,大包间
45,YJN202608290233,2026-08-29,553.69,2,家庭聚餐,窗边
45,YJN202608150234,2026-08-15,492.17,4,家庭聚餐,窗边
45,YJN202608120235,2026-08-12,553.69,3,家庭聚餐,大包间
45,YJN202607250236,2026-07-25,307.61,5,家庭聚餐,小包间
45,YJN202607180237,2026-07-18,492.17,2,家庭聚餐,卡座
45,YJN202607090238,2026-07-09,307.61,6,家庭聚餐,小包间
45,YJN202606240239,2026-06-24,461.41,6,朋友聚餐,小包间
45,YJN202606060240,2026-06-06,369.13,8,普通用餐,大包间
45,YJN202605210241,2026-05-21,307.61,3,家庭聚餐,大包间
45,YJN202605030242,2026-05-03,307.61,8,家庭聚餐,大包间
45,YJN202604170243,2026-04-17,399.89,2,朋友聚餐,大包间
45,YJN202603310244,2026-03-31,461.41,2,家庭聚餐,大包间
45,YJN202603130245,2026-03-13,522.93,3,普通用餐,窗边
45,YJN202603050246,2026-03-05,246.07,8,生日宴,大包间
46,YJN202608270247,2026-08-27,562.47,8,朋友聚餐,大包间
46,YJN202608130248,2026-08-13,735.54,3,普通用餐,窗边
46,YJN202608020249,2026-08-02,778.81,4,普通用餐,窗边
46,YJN202607250250,2026-07-25,605.74,8,公司聚餐,大包间
46,YJN202607120251,2026-07-12,432.67,3,普通用餐,卡座
46,YJN202606300252,2026-06-30,735.54,8,公司聚餐,大包间
46,YJN202606180253,2026-06-18,432.67,5,普通用餐,小包间
46,YJN202606070254,2026-06-07,475.94,2,普通用餐,大包间
46,YJN202606010255,2026-06-01,475.94,4,普通用餐,小包间
46,YJN202605250256,2026-05-25,346.14,5,普通用餐,小包间
46,YJN202605090257,2026-05-09,735.54,2,普通用餐,大厅
47,YJN202608240258,2026-08-24,341.3,8,商务宴请,大包间
47,YJN202608130259,2026-08-13,409.56,3,朋友聚餐,大包间
47,YJN202607310260,2026-07-31,409.56,5,朋友聚餐,小包间
47,YJN202607190261,2026-07-19,295.79,8,朋友聚餐,大包间
47,YJN202607060262,2026-07-06,204.78,8,公司聚餐,大包间
47,YJN202606290263,2026-06-29,364.05,4,朋友聚餐,大厅
47,YJN202606110264,2026-06-11,318.55,2,朋友聚餐,小包间
47,YJN202605290265,2026-05-29,250.29,8,公司聚餐,大包间
47,YJN202605250266,2026-05-25,318.55,5,朋友聚餐,小包间
47,YJN202605210267,2026-05-21,250.29,8,公司聚餐,大包间
47,YJN202605150268,2026-05-15,341.28,5,家庭聚餐,小包间
48,YJN202608040269,2026-08-04,706.5,3,朋友聚餐,卡座
48,YJN202607260270,2026-07-26,353.25,2,普通用餐,小包间
48,YJN202607080271,2026-07-08,353.25,8,商务宴请,大包间
48,YJN202607030272,2026-07-03,314.0,8,商务宴请,大包间
49,YJN202607180273,2026-07-18,162.0,8,公司聚餐,大包间
49,YJN202606160274,2026-06-16,198.0,4,普通用餐,小包间
50,YJN202604170275,2026-04-17,386.35,6,家庭聚餐,小包间
50,YJN202603310276,2026-03-31,321.96,8,商务宴请,大包间
50,YJN202603190277,2026-03-19,450.74,3,家庭聚餐,窗边
50,YJN202602060278,2026-02-06,321.95,8,生日宴,大包间
51,YJN202608170279,2026-08-17,700.37,8,公司聚餐,大包间
51,YJN202608030280,2026-08-03,513.61,8,公司聚餐,大包间
51,YJN202607180281,2026-07-18,420.22,8,公司聚餐,大包间
51,YJN202607050282,2026-07-05,420.22,8,公司聚餐,大包间
51,YJN202606280283,2026-06-28,466.91,3,朋友聚餐,卡座
51,YJN202606180284,2026-06-18,420.22,8,家庭聚餐,大包间
51,YJN202606070285,2026-06-07,793.76,8,公司聚餐,大包间
51,YJN202606020286,2026-06-02,653.69,5,家庭聚餐,小包间
52,YJN202608290287,2026-08-29,485.28,8,公司聚餐,大包间
52,YJN202608130288,2026-08-13,311.97,5,生日宴,小包间
52,YJN202607300289,2026-07-30,381.29,8,公司聚餐,大包间
52,YJN202607220290,2026-07-22,519.95,8,公司聚餐,大包间
52,YJN202607040291,2026-07-04,623.93,6,生日宴,小包间
52,YJN202606290292,2026-06-29,589.27,8,公司聚餐,大包间
52,YJN202606260293,2026-06-26,311.97,8,公司聚餐,大包间
52,YJN202606210294,2026-06-21,554.61,8,公司聚餐,大包间
52,YJN202606180295,2026-06-18,277.3,6,家庭聚餐,小包间
52,YJN202606070296,2026-06-07,450.62,8,公司聚餐,大包间
52,YJN202605290297,2026-05-29,450.62,8,公司聚餐,大包间
52,YJN202605250298,2026-05-25,346.63,8,公司聚餐,大包间
52,YJN202605210299,2026-05-21,485.28,4,普通用餐,大包间
52,YJN202605060300,2026-05-06,589.28,2,家庭聚餐,窗边
53,YJN202608090301,2026-08-09,198.0,6,家庭聚餐,小包间
53,YJN202608030302,2026-08-03,308.0,8,家庭聚餐,大包间
54,YJN202605120303,2026-05-12,455.79,8,公司聚餐,大包间
54,YJN202604270304,2026-04-27,253.21,8,公司聚餐,大包间
55,YJN202608090305,2026-08-09,238.32,8,商务宴请,大包间
55,YJN202607260306,2026-07-26,297.9,8,商务宴请,大包间
55,YJN202607190307,2026-07-19,446.85,8,生日宴,大包间
55,YJN202607080308,2026-07-08,387.27,8,商务宴请,大包间
55,YJN202607020309,2026-07-02,476.64,8,商务宴请,大包间
55,YJN202606290310,2026-06-29,476.64,8,商务宴请,大包间
55,YJN202606160311,2026-06-16,357.48,8,商务宴请,大包间
55,YJN202605310312,2026-05-31,297.9,8,商务宴请,大包间
56,YJN202607270313,2026-07-27,439.77,3,普通用餐,卡座
56,YJN202607130314,2026-07-13,338.29,2,家庭聚餐,窗边
56,YJN202605300315,2026-05-30,405.94,4,家庭聚餐,大包间
57,YJN202607270316,2026-07-27,419.32,8,家庭聚餐,大包间
57,YJN202606230317,2026-06-23,419.32,2,家庭聚餐,卡座
57,YJN202606010318,2026-06-01,335.45,6,家庭聚餐,小包间
57,YJN202605040319,2026-05-04,670.91,3,普通用餐,窗边
58,YJN202607120320,2026-07-12,182.67,5,朋友聚餐,小包间
58,YJN202606090321,2026-06-09,91.33,4,朋友聚餐,大厅
59,YJN202605120322,2026-05-12,250.84,4,家庭聚餐,卡座
59,YJN202605040323,2026-05-04,235.16,8,公司聚餐,大包间
60,YJN202607280324,2026-07-28,321.18,8,商务宴请,大包间
60,YJN202606210325,2026-06-21,207.82,8,家庭聚餐,大包间
61,YJN202608240326,2026-08-24,636.54,6,生日宴,小包间
61,YJN202608210327,2026-08-21,437.62,8,生日宴,大包间
61,YJN202608050328,2026-08-05,397.84,2,朋友聚餐,大包间
62,YJN202607300329,2026-07-30,211,8,公司聚餐,大包间
63,YJN202608090330,2026-08-09,565.77,5,生日宴,小包间
63,YJN202608050331,2026-08-05,424.33,5,朋友聚餐,小包间
63,YJN202607290332,2026-07-29,518.62,6,普通用餐,小包间
63,YJN202607180333,2026-07-18,754.36,8,商务宴请,大包间
63,YJN202607130334,2026-07-13,518.62,8,商务宴请,大包间
63,YJN202607090335,2026-07-09,660.07,6,普通用餐,小包间
63,YJN202606290336,2026-06-29,707.23,8,商务宴请,大包间
64,YJN202608230337,2026-08-23,142.19,4,家庭聚餐,小包间
64,YJN202608160338,2026-08-16,182.81,8,商务宴请,大包间
65,YJN202608210339,2026-08-21,700.01,8,商务宴请,大包间
65,YJN202608150340,2026-08-15,700.01,8,商务宴请,大包间
65,YJN202608080341,2026-08-08,807.7,8,商务宴请,大包间
65,YJN202608020342,2026-08-02,646.16,8,商务宴请,大包间
65,YJN202607250343,2026-07-25,592.32,8,商务宴请,大包间
65,YJN202607080344,2026-07-08,484.62,8,商务宴请,大包间
65,YJN202606210345,2026-06-21,592.32,8,商务宴请,大包间
65,YJN202606080346,2026-06-08,538.47,8,公司聚餐,大包间
65,YJN202605230347,2026-05-23,915.39,3,普通用餐,小包间
66,YJN202608290348,2026-08-29,500.51,2,朋友聚餐,窗边
66,YJN202608170349,2026-08-17,450.45,2,朋友聚餐,窗边
66,YJN202608060350,2026-08-06,550.56,5,朋友聚餐,小包间
66,YJN202607290351,2026-07-29,650.66,8,朋友聚餐,大包间
66,YJN202607260352,2026-07-26,700.71,6,普通用餐,小包间
66,YJN202607110353,2026-07-11,800.81,2,朋友聚餐,大厅
66,YJN202606240354,2026-06-24,400.4,8,家庭聚餐,大包间
66,YJN202606140355,2026-06-14,900.9,3,朋友聚餐,大厅
67,YJN202606140356,2026-06-14,273.0,3,普通用餐,卡座
67,YJN202606040357,2026-06-04,189.0,8,普通用餐,大包间
68,YJN202607190358,2026-07-19,330,2,朋友聚餐,大包间
69,YJN202604180359,2026-04-18,285,4,家庭聚餐,窗边
70,YJN202608190360,2026-08-19,275.91,3,普通用餐,大厅
70,YJN202608080361,2026-08-08,331.09,3,生日宴,小包间
71,YJN202607250362,2026-07-25,163.45,8,公司聚餐,大包间
71,YJN202606120363,2026-06-12,152.55,8,公司聚餐,大包间
72,YJN202607120364,2026-07-12,264.25,8,商务宴请,大包间
72,YJN202606080365,2026-06-08,188.75,3,生日宴,卡座
73,YJN202604160366,2026-04-16,236.48,4,生日宴,大包间
73,YJN202603050367,2026-03-05,413.84,8,商务宴请,大包间
73,YJN202601250368,2026-01-25,384.28,8,商务宴请,大包间
73,YJN202512260369,2025-12-26,443.4,8,商务宴请,大包间
74,YJN202607190370,2026-07-19,380.8,8,商务宴请,大包间
74,YJN202607080371,2026-07-08,571.2,8,商务宴请,大包间
75,YJN202608110372,2026-08-11,572.54,8,朋友聚餐,大包间
75,YJN202608030373,2026-08-03,370.46,6,朋友聚餐,小包间
76,YJN202608140374,2026-08-14,222,8,公司聚餐,大包间
77,YJN202608290375,2026-08-29,315.79,8,公司聚餐,大包间
77,YJN202608260376,2026-08-26,434.21,8,公司聚餐,大包间
77,YJN202608120377,2026-08-12,671.06,8,公司聚餐,大包间
77,YJN202608050378,2026-08-05,552.64,8,公司聚餐,大包间
77,YJN202607270379,2026-07-27,513.16,3,家庭聚餐,小包间
77,YJN202607090380,2026-07-09,394.74,2,朋友聚餐,大厅
77,YJN202606270381,2026-06-27,394.74,8,公司聚餐,大包间
77,YJN202606190382,2026-06-19,434.21,2,家庭聚餐,卡座
77,YJN202606010383,2026-06-01,671.06,4,普通用餐,大包间
77,YJN202605280384,2026-05-28,513.16,8,公司聚餐,大包间
77,YJN202605230385,2026-05-23,513.16,8,公司聚餐,大包间
77,YJN202605190386,2026-05-19,671.07,8,公司聚餐,大包间
78,YJN202607220387,2026-07-22,212.08,8,家庭聚餐,大包间
78,YJN202606130388,2026-06-13,296.92,8,公司聚餐,大包间
79,YJN202608120389,2026-08-12,194.37,5,家庭聚餐,小包间
79,YJN202608020390,2026-08-02,148.63,8,朋友聚餐,大包间
80,YJN202608090391,2026-08-09,295,3,家庭聚餐,大厅
81,YJN202606080392,2026-06-08,275.29,6,朋友聚餐,小包间
81,YJN202604250393,2026-04-25,226.71,6,朋友聚餐,小包间
82,YJN202608280394,2026-08-28,370.05,5,普通用餐,小包间
82,YJN202608230395,2026-08-23,605.53,5,家庭聚餐,小包间
82,YJN202608100396,2026-08-10,571.89,5,普通用餐,小包间
82,YJN202607240397,2026-07-24,302.77,5,普通用餐,小包间
82,YJN202607210398,2026-07-21,504.61,5,普通用餐,小包间
82,YJN202607100399,2026-07-10,336.41,8,生日宴,大包间
82,YJN202607010400,2026-07-01,437.33,3,家庭聚餐,大包间
82,YJN202606210401,2026-06-21,302.77,2,普通用餐,小包间
82,YJN202606160402,2026-06-16,370.05,4,普通用餐,大厅
82,YJN202606020403,2026-06-02,437.33,3,普通用餐,大包间
82,YJN202605220404,2026-05-22,437.33,2,普通用餐,卡座
82,YJN202605160405,2026-05-16,336.41,4,普通用餐,卡座
82,YJN202605130406,2026-05-13,605.52,8,商务宴请,大包间
83,YJN202608050407,2026-08-05,162.55,8,商务宴请,大包间
83,YJN202607280408,2026-07-28,284.45,8,商务宴请,大包间
84,YJN202607190409,2026-07-19,221.18,8,公司聚餐,大包间
84,YJN202606290410,2026-06-29,319.48,4,生日宴,小包间
84,YJN202605260411,2026-05-26,270.34,8,商务宴请,大包间
85,YJN202607220412,2026-07-22,207,5,普通用餐,小包间
86,YJN202604160413,2026-04-16,280.79,8,商务宴请,大包间
86,YJN202604050414,2026-04-05,264.28,8,商务宴请,大包间
86,YJN202603050415,2026-03-05,247.76,5,生日宴,小包间
86,YJN202602250416,2026-02-25,165.17,8,商务宴请,大包间
87,YJN202607150417,2026-07-15,157,3,家庭聚餐,小包间
88,YJN202607290418,2026-07-29,272,8,商务宴请,大包间
89,YJN202608220419,2026-08-22,222.43,8,朋友聚餐,大包间
89,YJN202608070420,2026-08-07,296.57,8,朋友聚餐,大包间
90,YJN202608070421,2026-08-07,350.4,5,生日宴,小包间
90,YJN202607300422,2026-07-30,306.6,5,生日宴,小包间
91,YJN202608190423,2026-08-19,193.2,3,生日宴,小包间
91,YJN202608020424,2026-08-02,289.8,3,生日宴,大厅
92,YJN202608210425,2026-08-21,166.67,8,商务宴请,大包间
92,YJN202608070426,2026-08-07,333.33,3,生日宴,卡座
93,YJN202607190427,2026-07-19,257.82,6,普通用餐,小包间
93,YJN202606080428,2026-06-08,451.18,8,商务宴请,大包间
94,YJN202608170429,2026-08-17,661.7,8,商务宴请,大包间
94,YJN202608100430,2026-08-10,428.16,8,家庭聚餐,大包间
94,YJN202608040431,2026-08-04,583.85,6,家庭聚餐,小包间
94,YJN202607180432,2026-07-18,467.08,8,家庭聚餐,大包间
94,YJN202607100433,2026-07-10,350.31,2,普通用餐,大包间
94,YJN202607020434,2026-07-02,544.93,6,家庭聚餐,小包间
94,YJN202606230435,2026-06-23,311.39,4,家庭聚餐,卡座
94,YJN202606140436,2026-06-14,622.78,2,家庭聚餐,卡座
94,YJN202606070437,2026-06-07,661.7,5,家庭聚餐,小包间
94,YJN202606030438,2026-06-03,622.78,3,家庭聚餐,窗边
94,YJN202605180439,2026-05-18,661.7,6,家庭聚餐,小包间
94,YJN202605130440,2026-05-13,700.62,2,普通用餐,卡座
95,YJN202608060441,2026-08-06,195.0,5,朋友聚餐,小包间
95,YJN202607230442,2026-07-23,260.0,6,生日宴,小包间
96,YJN202607150443,2026-07-15,303.91,8,公司聚餐,大包间
96,YJN202606260444,2026-06-26,162.09,8,公司聚餐,大包间
97,YJN202607210445,2026-07-21,235.57,8,朋友聚餐,大包间
97,YJN202607110446,2026-07-11,249.43,8,普通用餐,大包间
97,YJN202606080447,2026-06-08,194.0,4,普通用餐,小包间
98,YJN202605050448,2026-05-05,237.69,3,家庭聚餐,小包间
98,YJN202604100449,2026-04-10,386.24,8,商务宴请,大包间
98,YJN202603020450,2026-03-02,356.53,4,朋友聚餐,大包间
98,YJN202602160451,2026-02-16,356.54,3,普通用餐,大包间
99,YJN202608250452,2026-08-25,150.48,2,朋友聚餐,卡座
99,YJN202608070453,2026-08-07,191.52,4,普通用餐,卡座
100,YJN202607310454,2026-07-31,232,6,生日宴,小包间
101,YJN202608060455,2026-08-06,663.0,8,公司聚餐,大包间
101,YJN202607290456,2026-07-29,312.0,3,普通用餐,大厅
102,YJN202608170457,2026-08-17,346.3,4,朋友聚餐,大包间
102,YJN202608030458,2026-08-03,184.7,8,家庭聚餐,大包间
103,YJN202608090459,2026-08-09,187.67,8,商务宴请,大包间
103,YJN202608060460,2026-08-06,375.33,8,商务宴请,大包间
104,YJN202608020461,2026-08-02,526.12,4,家庭聚餐,大厅
104,YJN202607190462,2026-07-19,350.75,5,家庭聚餐,小包间
104,YJN202607050463,2026-07-05,526.13,6,家庭聚餐,小包间
105,YJN202608210464,2026-08-21,456.5,6,家庭聚餐,小包间
105,YJN202608050465,2026-08-05,456.5,8,朋友聚餐,大包间
105,YJN202608020466,2026-08-02,747.0,8,公司聚餐,大包间
105,YJN202607300467,2026-07-30,456.5,5,家庭聚餐,小包间
105,YJN202607120468,2026-07-12,747.0,8,商务宴请,大包间
105,YJN202607050469,2026-07-05,456.5,5,家庭聚餐,小包间
105,YJN202606270470,2026-06-27,498.0,6,家庭聚餐,小包间
105,YJN202606240471,2026-06-24,747.0,8,商务宴请,大包间
106,YJN202608240472,2026-08-24,222,8,商务宴请,大包间
107,YJN202608280473,2026-08-28,158.9,5,生日宴,小包间
107,YJN202608100474,2026-08-10,317.79,8,公司聚餐,大包间
107,YJN202608050475,2026-08-05,357.52,2,生日宴,大包间
107,YJN202607230476,2026-07-23,258.21,5,朋友聚餐,小包间
107,YJN202607120477,2026-07-12,317.79,8,生日宴,大包间
107,YJN202606290478,2026-06-29,357.52,8,生日宴,大包间
107,YJN202606180479,2026-06-18,337.66,4,家庭聚餐,窗边
107,YJN202606070480,2026-06-07,337.66,8,公司聚餐,大包间
107,YJN202605260481,2026-05-26,238.34,8,公司聚餐,大包间
107,YJN202605170482,2026-05-17,238.34,4,生日宴,窗边
107,YJN202605100483,2026-05-10,357.52,3,生日宴,小包间
107,YJN202604300484,2026-04-30,178.75,3,生日宴,小包间
108,YJN202608050485,2026-08-05,214.77,4,家庭聚餐,窗边
108,YJN202607230486,2026-07-23,134.23,5,朋友聚餐,小包间
109,YJN202608220487,2026-08-22,268,4,朋友聚餐,小包间
110,YJN202606180488,2026-06-18,370,8,商务宴请,大包间
111,YJN202607300489,2026-07-30,255.0,8,朋友聚餐,大包间
111,YJN202606220490,2026-06-22,153.0,6,朋友聚餐,小包间
112,YJN202608010491,2026-08-01,226.08,6,家庭聚餐,小包间
112,YJN202607200492,2026-07-20,376.79,8,商务宴请,大包间
112,YJN202607040493,2026-07-04,276.32,8,家庭聚餐,大包间
112,YJN202606300494,2026-06-30,401.91,2,家庭聚餐,大包间
112,YJN202606230495,2026-06-23,226.08,3,家庭聚餐,小包间
112,YJN202606160496,2026-06-16,452.15,5,普通用餐,小包间
112,YJN202606070497,2026-06-07,351.67,3,家庭聚餐,卡座
113,YJN202605290498,2026-05-29,297.73,5,家庭聚餐,小包间
113,YJN202604240499,2026-04-24,446.59,2,家庭聚餐,卡座
113,YJN202603200500,2026-03-20,267.95,4,家庭聚餐,大厅
113,YJN202602150501,2026-02-15,297.73,3,生日宴,大厅
114,YJN202607200502,2026-07-20,286.62,4,普通用餐,小包间
114,YJN202606270503,2026-06-27,127.38,5,普通用餐,小包间
115,YJN202608090504,2026-08-09,295.11,4,朋友聚餐,大包间
115,YJN202608010505,2026-08-01,313.56,6,生日宴,小包间
115,YJN202607270506,2026-07-27,221.33,8,商务宴请,大包间
116,YJN202606290507,2026-06-29,306.0,8,商务宴请,大包间
116,YJN202605300508,2026-05-30,170.0,8,公司聚餐,大包间
116,YJN202605100509,2026-05-10,221.0,8,公司聚餐,大包间
116,YJN202604220510,2026-04-22,255.0,8,家庭聚餐,大包间
117,YJN202608040511,2026-08-04,263,6,朋友聚餐,小包间
118,YJN202607200512,2026-07-20,137.89,5,普通用餐,小包间
118,YJN202606190513,2026-06-19,124.11,6,朋友聚餐,小包间
119,YJN202608120514,2026-08-12,365.5,2,普通用餐,大厅
119,YJN202608080515,2026-08-08,172.0,8,公司聚餐,大包间
119,YJN202608020516,2026-08-02,365.5,8,公司聚餐,大包间
120,YJN202608190517,2026-08-19,246.29,8,家庭聚餐,大包间
120,YJN202608010518,2026-08-01,184.71,4,普通用餐,大包间
121,YJN202608100519,2026-08-10,182.67,8,公司聚餐,大包间
121,YJN202607300520,2026-07-30,91.33,2,普通用餐,卡座
122,YJN202608100521,2026-08-10,378.03,8,公司聚餐,大包间
122,YJN202608040522,2026-08-04,200.13,6,朋友聚餐,小包间
122,YJN202607290523,2026-07-29,266.84,8,朋友聚餐,大包间
123,YJN202607130524,2026-07-13,236,8,公司聚餐,大包间
124,YJN202608190525,2026-08-19,257.78,8,公司聚餐,大包间
124,YJN202608010526,2026-08-01,206.22,3,朋友聚餐,大厅
125,YJN202608010527,2026-08-01,325.89,2,朋友聚餐,大厅
125,YJN202607220528,2026-07-22,733.25,2,普通用餐,窗边
125,YJN202607050529,2026-07-05,366.62,4,家庭聚餐,小包间
125,YJN202606230530,2026-06-23,366.62,4,生日宴,大厅
125,YJN202606120531,2026-06-12,692.51,4,朋友聚餐,窗边
125,YJN202605260532,2026-05-26,733.25,5,朋友聚餐,小包间
125,YJN202605220533,2026-05-22,611.04,5,朋友聚餐,小包间
125,YJN202605160534,2026-05-16,407.36,8,商务宴请,大包间
125,YJN202605080535,2026-05-08,366.62,8,公司聚餐,大包间
125,YJN202605040536,2026-05-04,651.77,2,家庭聚餐,窗边
125,YJN202604220537,2026-04-22,366.62,3,普通用餐,大厅
125,YJN202604080538,2026-04-08,366.62,6,朋友聚餐,小包间
125,YJN202603260539,2026-03-26,488.83,6,朋友聚餐,小包间
126,YJN202607290540,2026-07-29,199.64,6,朋友聚餐,小包间
126,YJN202607100541,2026-07-10,166.36,8,普通用餐,大包间
127,YJN202608140542,2026-08-14,142.0,5,普通用餐,小包间
127,YJN202607270543,2026-07-27,213.0,2,普通用餐,小包间
128,YJN202608160544,2026-08-16,504.0,8,普通用餐,大包间
128,YJN202608060545,2026-08-06,364.0,5,普通用餐,小包间
128,YJN202607240546,2026-07-24,224.0,5,家庭聚餐,小包间
129,YJN202606120547,2026-06-12,300.86,6,生日宴,小包间
129,YJN202605110548,2026-05-11,416.57,8,家庭聚餐,大包间
129,YJN202604240549,2026-04-24,416.57,5,生日宴,小包间
130,YJN202606080550,2026-06-08,470.29,4,生日宴,大厅
130,YJN202604300551,2026-04-30,313.53,6,生日宴,小包间
130,YJN202604020552,2026-04-02,282.18,8,商务宴请,大包间
131,YJN202608060553,2026-08-06,232,5,普通用餐,小包间
132,YJN202607270554,2026-07-27,153,6,生日宴,小包间
133,YJN202608070555,2026-08-07,271,5,家庭聚餐,小包间
134,YJN202607120556,2026-07-12,321,8,商务宴请,大包间
135,YJN202607180557,2026-07-18,231,5,普通用餐,小包间
136,YJN202608180558,2026-08-18,668.94,6,生日宴,小包间
136,YJN202608020559,2026-08-02,297.31,6,生日宴,小包间
136,YJN202607290560,2026-07-29,334.47,8,商务宴请,大包间
136,YJN202607260561,2026-07-26,520.28,4,朋友聚餐,大厅
137,YJN202607110562,2026-07-11,179.38,8,商务宴请,大包间
137,YJN202606120563,2026-06-12,244.62,8,商务宴请,大包间
138,YJN202608290564,2026-08-29,439.57,5,家庭聚餐,小包间
138,YJN202608150565,2026-08-15,317.46,3,家庭聚餐,小包间
138,YJN202608090566,2026-08-09,366.31,5,家庭聚餐,小包间
138,YJN202608050567,2026-08-05,219.78,8,家庭聚餐,大包间
138,YJN202607280568,2026-07-28,219.78,2,生日宴,大包间
138,YJN202607100569,2026-07-10,439.57,6,家庭聚餐,小包间
138,YJN202607030570,2026-07-03,268.62,5,家庭聚餐,小包间
138,YJN202606170571,2026-06-17,195.36,8,家庭聚餐,大包间
138,YJN202606110572,2026-06-11,317.46,5,家庭聚餐,小包间
138,YJN202605310573,2026-05-31,317.46,8,商务宴请,大包间
138,YJN202605220574,2026-05-22,439.57,8,家庭聚餐,大包间
138,YJN202605130575,2026-05-13,293.06,8,家庭聚餐,大包间
139,YJN202608090576,2026-08-09,431.03,4,生日宴,小包间
139,YJN202607270577,2026-07-27,387.93,3,生日宴,窗边
139,YJN202607120578,2026-07-12,603.44,8,生日宴,大包间
139,YJN202606260579,2026-06-26,775.85,4,生日宴,卡座
139,YJN202606160580,2026-06-16,732.75,8,公司聚餐,大包间
140,YJN202608010581,2026-08-01,509.61,8,公司聚餐,大包间
140,YJN202607200582,2026-07-20,573.31,8,朋友聚餐,大包间
140,YJN202607060583,2026-07-06,350.36,8,公司聚餐,大包间
140,YJN202606290584,2026-06-29,350.36,8,公司聚餐,大包间
140,YJN202606210585,2026-06-21,350.36,8,公司聚餐,大包间
141,YJN202604200586,2026-04-20,256,8,家庭聚餐,大包间
142,YJN202607150587,2026-07-15,341,8,公司聚餐,大包间
143,YJN202608020588,2026-08-02,433.9,8,公司聚餐,大包间
143,YJN202607300589,2026-07-30,325.43,8,公司聚餐,大包间
143,YJN202607240590,2026-07-24,379.67,4,家庭聚餐,窗边
144,YJN202608290591,2026-08-29,662.75,8,普通用餐,大包间
144,YJN202608250592,2026-08-25,994.12,8,普通用餐,大包间
144,YJN202608110593,2026-08-11,662.75,5,普通用餐,小包间
144,YJN202607250594,2026-07-25,552.29,8,普通用餐,大包间
144,YJN202607190595,2026-07-19,441.83,6,普通用餐,小包间
144,YJN202607090596,2026-07-09,662.75,8,普通用餐,大包间
144,YJN202606240597,2026-06-24,607.51,6,普通用餐,小包间
145,YJN202608010598,2026-08-01,306.48,4,家庭聚餐,大包间
145,YJN202607180599,2026-07-18,224.75,8,商务宴请,大包间
145,YJN202607090600,2026-07-09,367.77,3,家庭聚餐,卡座
146,YJN202608090601,2026-08-09,156,2,家庭聚餐,大包间
147,YJN202608090602,2026-08-09,380.07,4,生日宴,大厅
147,YJN202607230603,2026-07-23,506.76,6,朋友聚餐,小包间
147,YJN202607160604,2026-07-16,380.07,8,商务宴请,大包间
147,YJN202607120605,2026-07-12,316.73,8,商务宴请,大包间
147,YJN202607050606,2026-07-05,316.73,8,商务宴请,大包间
147,YJN202606220607,2026-06-22,538.44,8,商务宴请,大包间
147,YJN202606180608,2026-06-18,380.07,8,商务宴请,大包间
147,YJN202606060609,2026-06-06,253.38,8,商务宴请,大包间
147,YJN202605190610,2026-05-19,411.75,8,商务宴请,大包间
148,YJN202608220611,2026-08-22,310.49,6,生日宴,小包间
148,YJN202608090612,2026-08-09,310.49,6,生日宴,小包间
148,YJN202607260613,2026-07-26,508.08,8,公司聚餐,大包间
148,YJN202607140614,2026-07-14,366.94,8,生日宴,大包间
149,YJN202605290615,2026-05-29,328.25,6,生日宴,小包间
149,YJN202605060616,2026-05-06,378.75,2,家庭聚餐,小包间
150,YJN202607230617,2026-07-23,394.0,6,朋友聚餐,小包间
150,YJN202606110618,2026-06-11,253.29,8,商务宴请,大包间
150,YJN202605160619,2026-05-16,394.0,8,商务宴请,大包间
150,YJN202605070620,2026-05-07,337.71,8,商务宴请,大包间
151,YJN202608250621,2026-08-25,249,6,朋友聚餐,小包间
152,YJN202608190622,2026-08-19,199.5,6,生日宴,小包间
152,YJN202608110623,2026-08-11,199.5,8,公司聚餐,大包间
153,YJN202607300624,2026-07-30,158.4,8,商务宴请,大包间
153,YJN202607090625,2026-07-09,193.6,6,家庭聚餐,小包间
154,YJN202605180626,2026-05-18,354.44,8,商务宴请,大包间
154,YJN202605010627,2026-05-01,455.71,8,商务宴请,大包间
154,YJN202604220628,2026-04-22,227.85,8,商务宴请,大包间
155,YJN202605170629,2026-05-17,320.0,6,生日宴,小包间
155,YJN202604230630,2026-04-23,400.0,5,朋友聚餐,小包间
156,YJN202608280631,2026-08-28,379.09,6,朋友聚餐,小包间
156,YJN202608220632,2026-08-22,406.17,5,家庭聚餐,小包间
156,YJN202608190633,2026-08-19,487.41,8,家庭聚餐,大包间
156,YJN202608140634,2026-08-14,379.09,3,家庭聚餐,卡座
156,YJN202608100635,2026-08-10,379.09,8,家庭聚餐,大包间
156,YJN202608050636,2026-08-05,352.02,6,家庭聚餐,小包间
156,YJN202607220637,2026-07-22,216.62,8,家庭聚餐,大包间
156,YJN202607160638,2026-07-16,379.09,8,家庭聚餐,大包间
156,YJN202607040639,2026-07-04,487.42,8,公司聚餐,大包间
157,YJN202607190640,2026-07-19,601.53,8,商务宴请,大包间
157,YJN202606060641,2026-06-06,434.44,8,商务宴请,大包间
157,YJN202605200642,2026-05-20,267.35,8,商务宴请,大包间
157,YJN202605050643,2026-05-05,534.68,8,商务宴请,大包间
158,YJN202604110644,2026-04-11,218.0,3,普通用餐,窗边
158,YJN202603210645,2026-03-21,290.67,3,朋友聚餐,大厅
158,YJN202602150646,2026-02-15,266.44,6,普通用餐,小包间
158,YJN202601060647,2026-01-06,314.89,5,生日宴,小包间
159,YJN202608210648,2026-08-21,303.07,8,商务宴请,大包间
159,YJN202608090649,2026-08-09,269.4,8,商务宴请,大包间
159,YJN202608040650,2026-08-04,151.53,8,商务宴请,大包间
160,YJN202607270651,2026-07-27,288.53,8,商务宴请,大包间
160,YJN202607040652,2026-07-04,288.53,8,商务宴请,大包间
160,YJN202606200653,2026-06-20,221.94,8,商务宴请,大包间
161,YJN202605040654,2026-05-04,161.5,8,朋友聚餐,大包间
161,YJN202604050655,2026-04-05,161.5,6,生日宴,小包间
162,YJN202607270656,2026-07-27,518.5,2,家庭聚餐,小包间
162,YJN202606290657,2026-06-29,396.5,3,普通用餐,大包间
163,YJN202608050658,2026-08-05,237.12,5,朋友聚餐,小包间
163,YJN202607290659,2026-07-29,256.88,4,朋友聚餐,小包间
164,YJN202608100660,2026-08-10,210.97,6,普通用餐,小包间
164,YJN202608040661,2026-08-04,225.03,4,普通用餐,窗边
165,YJN202608070662,2026-08-07,252,4,家庭聚餐,大厅
166,YJN202608240663,2026-08-24,425.64,6,生日宴,小包间
166,YJN202608130664,2026-08-13,378.35,3,生日宴,卡座
166,YJN202607260665,2026-07-26,756.7,3,生日宴,大包间
166,YJN202607190666,2026-07-19,851.29,6,生日宴,小包间
166,YJN202607050667,2026-07-05,378.35,8,公司聚餐,大包间
166,YJN202606200668,2026-06-20,803.99,8,家庭聚餐,大包间
166,YJN202606100669,2026-06-10,803.99,2,朋友聚餐,窗边
166,YJN202605290670,2026-05-29,662.11,2,家庭聚餐,小包间
166,YJN202605220671,2026-05-22,803.99,2,生日宴,窗边
166,YJN202605050672,2026-05-05,520.23,4,生日宴,大包间
166,YJN202604300673,2026-04-30,378.36,5,生日宴,小包间
167,YJN202606030674,2026-06-03,146.12,8,生日宴,大包间
167,YJN202605060675,2026-05-06,146.12,8,公司聚餐,大包间
167,YJN202604220676,2026-04-22,328.76,6,朋友聚餐,小包间
168,YJN202607180677,2026-07-18,182,5,生日宴,小包间
169,YJN202607270678,2026-07-27,342.87,8,公司聚餐,大包间
169,YJN202607150679,2026-07-15,266.68,5,生日宴,小包间
169,YJN202606040680,2026-06-04,247.63,8,公司聚餐,大包间
169,YJN202605110681,2026-05-11,323.82,8,商务宴请,大包间
170,YJN202605010682,2026-05-01,259.22,3,生日宴,大包间
170,YJN202604230683,2026-04-23,293.78,2,生日宴,卡座
171,YJN202608140684,2026-08-14,230.4,8,商务宴请,大包间
171,YJN202608050685,2026-08-05,153.6,8,商务宴请,大包间
172,YJN202608090686,2026-08-09,409.49,3,朋友聚餐,卡座
172,YJN202608010687,2026-08-01,216.79,6,生日宴,小包间
172,YJN202607160688,2026-07-16,433.58,8,公司聚餐,大包间
172,YJN202607130689,2026-07-13,264.97,2,朋友聚餐,窗边
172,YJN202607030690,2026-07-03,337.23,5,朋友聚餐,小包间
172,YJN202606290691,2026-06-29,313.14,3,家庭聚餐,大包间
172,YJN202606220692,2026-06-22,216.79,3,生日宴,卡座
172,YJN202606140693,2026-06-14,361.32,3,朋友聚餐,小包间
172,YJN202606070694,2026-06-07,433.58,6,生日宴,小包间
172,YJN202606030695,2026-06-03,361.32,5,朋友聚餐,小包间
172,YJN202605270696,2026-05-27,361.32,2,朋友聚餐,大厅
172,YJN202605230697,2026-05-23,264.97,6,朋友聚餐,小包间
172,YJN202605150698,2026-05-15,409.5,6,家庭聚餐,小包间
173,YJN202605060699,2026-05-06,338.68,2,生日宴,卡座
173,YJN202603290700,2026-03-29,376.32,2,生日宴,大厅
174,YJN202607250701,2026-07-25,228,8,商务宴请,大包间
175,YJN202608030702,2026-08-03,202.56,4,普通用餐,大厅
175,YJN202607310703,2026-07-31,344.35,8,商务宴请,大包间
175,YJN202607150704,2026-07-15,324.09,5,普通用餐,小包间
176,YJN202607200705,2026-07-20,348.44,8,公司聚餐,大包间
176,YJN202606050706,2026-06-05,323.56,5,朋友聚餐,小包间
177,YJN202608230707,2026-08-23,132.73,4,普通用餐,卡座
177,YJN202608050708,2026-08-05,159.27,8,商务宴请,大包间
178,YJN202608270709,2026-08-27,559.98,8,公司聚餐,大包间
178,YJN202608110710,2026-08-11,513.31,8,商务宴请,大包间
178,YJN202607280711,2026-07-28,373.32,8,公司聚餐,大包间
178,YJN202607220712,2026-07-22,373.32,8,公司聚餐,大包间
178,YJN202607150713,2026-07-15,793.3,8,公司聚餐,大包间
178,YJN202606290714,2026-06-29,746.63,4,生日宴,大包间
178,YJN202606180715,2026-06-18,419.98,8,公司聚餐,大包间
178,YJN202606070716,2026-06-07,746.63,8,公司聚餐,大包间
178,YJN202605220717,2026-05-22,373.32,8,公司聚餐,大包间
178,YJN202605080718,2026-05-08,653.3,2,家庭聚餐,窗边
178,YJN202604270719,2026-04-27,839.96,8,公司聚餐,大包间
178,YJN202604120720,2026-04-12,513.31,6,生日宴,小包间
178,YJN202604030721,2026-04-03,606.64,8,公司聚餐,大包间
179,YJN202607220722,2026-07-22,169.28,8,公司聚餐,大包间
179,YJN202607140723,2026-07-14,211.6,2,普通用餐,小包间
179,YJN202607010724,2026-07-01,296.24,8,公司聚餐,大包间
179,YJN202606140725,2026-06-14,380.88,8,公司聚餐,大包间
180,YJN202608290726,2026-08-29,384.71,6,生日宴,小包间
180,YJN202608210727,2026-08-21,673.24,3,生日宴,大厅
180,YJN202608030728,2026-08-03,673.24,8,朋友聚餐,大包间
180,YJN202607170729,2026-07-17,817.51,3,朋友聚餐,大厅
180,YJN202607140730,2026-07-14,865.6,8,商务宴请,大包间
180,YJN202607050731,2026-07-05,769.42,5,朋友聚餐,小包间
180,YJN202606230732,2026-06-23,577.06,3,朋友聚餐,卡座
180,YJN202606140733,2026-06-14,817.51,8,朋友聚餐,大包间
180,YJN202606100734,2026-06-10,384.71,2,朋友聚餐,卡座
181,YJN202607140735,2026-07-14,148.71,4,朋友聚餐,窗边
181,YJN202605300736,2026-05-30,198.29,5,家庭聚餐,小包间
182,YJN202608240737,2026-08-24,171,2,生日宴,小包间
183,YJN202608240738,2026-08-24,340.98,5,朋友聚餐,小包间
183,YJN202608110739,2026-08-11,477.37,2,生日宴,大包间
183,YJN202608050740,2026-08-05,545.57,8,公司聚餐,大包间
183,YJN202607250741,2026-07-25,306.88,8,公司聚餐,大包间
183,YJN202607140742,2026-07-14,545.57,8,家庭聚餐,大包间
183,YJN202606270743,2026-06-27,306.88,5,朋友聚餐,小包间
183,YJN202606120744,2026-06-12,545.57,6,生日宴,小包间
183,YJN202605250745,2026-05-25,409.18,8,公司聚餐,大包间
184,YJN202605050746,2026-05-05,402.0,8,商务宴请,大包间
184,YJN202604020747,2026-04-02,368.5,8,商务宴请,大包间
184,YJN202603040748,2026-03-04,402.0,8,商务宴请,大包间
184,YJN202602200749,2026-02-20,301.5,8,商务宴请,大包间
185,YJN202607300750,2026-07-30,185.83,8,公司聚餐,大包间
185,YJN202607110751,2026-07-11,131.17,5,家庭聚餐,小包间
186,YJN202608050752,2026-08-05,376.67,3,普通用餐,卡座
186,YJN202607250753,2026-07-25,376.67,2,普通用餐,大厅
186,YJN202607160754,2026-07-16,376.66,8,公司聚餐,大包间
187,YJN202608070755,2026-08-07,492.12,6,朋友聚餐,小包间
187,YJN202608040756,2026-08-04,410.1,8,公司聚餐,大包间
187,YJN202607310757,2026-07-31,464.78,4,生日宴,大包间
188,YJN202608280758,2026-08-28,237.0,5,家庭聚餐,小包间
188,YJN202608240759,2026-08-24,379.2,8,公司聚餐,大包间
188,YJN202608080760,2026-08-08,284.4,8,公司聚餐,大包间
188,YJN202607210761,2026-07-21,331.8,8,公司聚餐,大包间
188,YJN202607170762,2026-07-17,260.7,8,公司聚餐,大包间
188,YJN202607030763,2026-07-03,402.9,8,商务宴请,大包间
188,YJN202606180764,2026-06-18,237.0,8,公司聚餐,大包间
189,YJN202608010765,2026-08-01,386.93,6,家庭聚餐,小包间
189,YJN202607240766,2026-07-24,386.93,3,家庭聚餐,大包间
189,YJN202607130767,2026-07-13,505.98,5,家庭聚餐,小包间
189,YJN202607030768,2026-07-03,357.16,4,朋友聚餐,大包间
190,YJN202608260769,2026-08-26,559.79,8,商务宴请,大包间
190,YJN202608160770,2026-08-16,699.73,8,商务宴请,大包间
190,YJN202607310771,2026-07-31,466.49,8,公司聚餐,大包间
190,YJN202607160772,2026-07-16,793.03,8,商务宴请,大包间
190,YJN202607070773,2026-07-07,466.49,8,商务宴请,大包间
190,YJN202606300774,2026-06-30,793.03,8,商务宴请,大包间
190,YJN202606230775,2026-06-23,839.68,8,商务宴请,大包间
190,YJN202606050776,2026-06-05,513.14,8,商务宴请,大包间
190,YJN202606020777,2026-06-02,419.84,8,商务宴请,大包间
190,YJN202605250778,2026-05-25,559.78,3,普通用餐,小包间
191,YJN202608170779,2026-08-17,695.2,4,朋友聚餐,小包间
191,YJN202608060780,2026-08-06,834.24,8,商务宴请,大包间
191,YJN202607230781,2026-07-23,417.12,8,商务宴请,大包间
191,YJN202607200782,2026-07-20,695.2,8,商务宴请,大包间
191,YJN202607040783,2026-07-04,602.51,8,商务宴请,大包间
191,YJN202606280784,2026-06-28,556.16,3,家庭聚餐,小包间
191,YJN202606140785,2026-06-14,602.51,6,朋友聚餐,小包间
191,YJN202606050786,2026-06-05,602.51,2,朋友聚餐,大厅
191,YJN202605280787,2026-05-28,741.55,3,朋友聚餐,小包间
192,YJN202608130788,2026-08-13,409.71,8,生日宴,大包间
192,YJN202608010789,2026-08-01,567.29,5,家庭聚餐,小包间
193,YJN202604220790,2026-04-22,297,8,朋友聚餐,大包间
194,YJN202606050791,2026-06-05,228.21,3,朋友聚餐,大厅
194,YJN202604300792,2026-04-30,214.79,3,朋友聚餐,小包间
195,YJN202607260793,2026-07-26,346.5,8,商务宴请,大包间
195,YJN202607120794,2026-07-12,423.5,2,生日宴,大包间
195,YJN202606280795,2026-06-28,385.0,2,生日宴,大厅
195,YJN202606160796,2026-06-16,539.0,3,生日宴,大厅
196,YJN202608160797,2026-08-16,336.44,6,家庭聚餐,小包间
196,YJN202608060798,2026-08-06,261.67,2,普通用餐,小包间
196,YJN202607250799,2026-07-25,224.29,5,朋友聚餐,小包间
196,YJN202607080800,2026-07-08,205.6,8,商务宴请,大包间
197,YJN202608160801,2026-08-16,343.59,8,公司聚餐,大包间
197,YJN202608090802,2026-08-09,257.69,8,商务宴请,大包间
197,YJN202608010803,2026-08-01,343.59,8,家庭聚餐,大包间
197,YJN202607150804,2026-07-15,322.13,4,家庭聚餐,大包间
198,YJN202608100805,2026-08-10,157.04,4,生日宴,大包间
198,YJN202608050806,2026-08-05,107.96,4,生日宴,大厅
199,YJN202604170807,2026-04-17,200.33,5,生日宴,小包间
199,YJN202604010808,2026-04-01,400.67,8,生日宴,大包间
200,YJN202608010809,2026-08-01,710.86,6,普通用餐,小包间
200,YJN202607200810,2026-07-20,710.86,3,普通用餐,窗边
200,YJN202607100811,2026-07-10,568.69,8,公司聚餐,大包间
200,YJN202607070812,2026-07-07,379.12,5,普通用餐,小包间
200,YJN202606230813,2026-06-23,663.47,2,普通用餐,大包间
93,YJNextra00814,2026-07-19,565.56,6,普通用餐,小包间
105,YJNextra00815,2026-08-21,554.32,4,家庭聚餐,大包间
78,YJNextra00816,2026-07-22,203.6,3,公司聚餐,小包间
53,YJNextra00817,2026-08-09,404.78,5,家庭聚餐,小包间
171,YJNextra00818,2026-08-14,334.73,3,商务宴请,大厅
183,YJNextra00819,2026-08-24,264.69,2,公司聚餐,小包间
101,YJNextra00820,2026-08-06,539.9,2,公司聚餐,窗边
47,YJNextra00821,2026-08-24,175.66,3,朋友聚餐,小包间
146,YJNextra00822,2026-08-09,576.58,5,家庭聚餐,小包间
162,YJNextra00823,2026-07-27,579.54,4,普通用餐,大厅
64,YJNextra00824,2026-08-23,306.58,5,家庭聚餐,大厅
187,YJNextra00825,2026-08-07,262.43,4,公司聚餐,大包间
23,YJNextra00826,2026-08-11,674.79,3,公司聚餐,大包间
153,YJNextra00827,2026-07-30,551.56,2,公司聚餐,窗边
160,YJNextra00828,2026-07-27,568.92,6,商务宴请,窗边
165,YJNextra00829,2026-08-07,522.35,4,生日宴,小包间
68,YJNextra00830,2026-07-19,546.68,6,朋友聚餐,卡座
57,YJNextra00831,2026-07-27,418.24,4,家庭聚餐,窗边
128,YJNextra00832,2026-08-16,617.1,3,普通用餐,大厅
92,YJNextra00833,2026-08-21,393.76,2,生日宴,窗边
103,YJNextra00834,2026-08-09,230.22,3,商务宴请,大厅
33,YJNextra00835,2026-08-09,575.41,5,家庭聚餐,卡座
66,YJNextra00836,2026-08-27,568.81,3,朋友聚餐,窗边
174,YJNextra00837,2026-07-25,524.69,4,商务宴请,大厅
39,YJNextra00838,2026-08-24,503.18,6,普通用餐,大厅
58,YJNextra00839,2026-07-12,288.99,6,朋友聚餐,小包间
152,YJNextra00840,2026-08-19,268.34,5,公司聚餐,小包间
61,YJNextra00841,2026-08-24,635.3,5,生日宴,大包间
191,YJNextra00842,2026-08-17,450.22,5,朋友聚餐,窗边
195,YJNextra00843,2026-07-26,450.68,4,生日宴,大包间
103,YJNextra00844,2026-08-09,600.3,6,商务宴请,窗边
41,YJNextra00845,2026-07-31,248.61,4,普通用餐,小包间
186,YJNextra00846,2026-08-05,404.12,6,普通用餐,大包间
77,YJNextra00847,2026-08-29,490.26,4,公司聚餐,卡座
93,YJNextra00848,2026-07-19,542.92,6,普通用餐,大包间
78,YJNextra00849,2026-07-22,523.28,6,公司聚餐,窗边
105,YJNextra00850,2026-08-21,381.1,4,家庭聚餐,大厅
48,YJNextra00851,2026-08-04,510.62,2,朋友聚餐,窗边
75,YJNextra00852,2026-08-11,184.26,2,朋友聚餐,大包间
79,YJNextra00853,2026-08-12,184.54,5,朋友聚餐,大包间
181,YJNextra00854,2026-07-14,532.68,4,朋友聚餐,大厅
131,YJNextra00855,2026-08-06,483.1,2,朋友聚餐,大厅
84,YJNextra00856,2026-07-19,423.53,2,商务宴请,大包间
39,YJNextra00857,2026-08-24,458.17,5,普通用餐,小包间
38,YJNextra00858,2026-07-23,488.81,6,普通用餐,大厅
42,YJNextra00859,2026-08-23,326.03,3,公司聚餐,卡座
48,YJNextra00860,2026-08-04,545.09,6,朋友聚餐,大包间
78,YJNextra00861,2026-07-22,441.62,3,公司聚餐,卡座
75,YJNextra00862,2026-08-11,557.58,5,朋友聚餐,大厅
197,YJNextra00863,2026-08-16,518.74,5,家庭聚餐,大厅
71,YJNextra00864,2026-07-25,261.81,5,公司聚餐,卡座
122,YJNextra00865,2026-08-10,250.25,6,公司聚餐,大包间
126,YJNextra00866,2026-07-29,454.04,4,普通用餐,小包间
144,YJNextra00867,2026-08-23,497.29,4,普通用餐,卡座
93,YJNextra00868,2026-07-19,451.73,5,普通用餐,卡座
97,YJNextra00869,2026-07-21,668.06,5,普通用餐,大包间
19,YJNextra00870,2026-07-18,186.02,4,生日宴,卡座
24,YJNextra00871,2026-08-09,238.24,4,家庭聚餐,大厅
109,YJNextra00872,2026-08-22,279.71,4,生日宴,大厅
103,YJNextra00873,2026-08-09,433.86,6,商务宴请,卡座
66,YJNextra00874,2026-08-29,187.62,4,朋友聚餐,窗边
62,YJNextra00875,2026-07-30,358.88,6,商务宴请,窗边
91,YJNextra00876,2026-08-19,589.76,2,生日宴,卡座
140,YJNextra00877,2026-08-01,645.3,2,公司聚餐,小包间
168,YJNextra00878,2026-07-18,421.9,6,生日宴,大厅
109,YJNextra00879,2026-08-22,548.01,6,生日宴,大包间
44,YJNextra00880,2026-08-01,197.08,4,朋友聚餐,小包间
151,YJNextra00881,2026-08-25,651.73,2,公司聚餐,窗边
22,YJNextra00882,2026-07-28,572.26,5,朋友聚餐,大厅
112,YJNextra00883,2026-08-01,189.41,6,家庭聚餐,卡座
65,YJNextra00884,2026-08-21,429.25,3,商务宴请,窗边
36,YJNextra00885,2026-08-21,548.42,5,生日宴,大包间
197,YJNextra00886,2026-08-16,214.84,5,家庭聚餐,小包间
138,YJNextra00887,2026-08-28,236.74,2,家庭聚餐,大包间
196,YJNextra00888,2026-08-16,193.64,5,商务宴请,小包间
45,YJNextra00889,2026-08-26,428.95,3,家庭聚餐,窗边
168,YJNextra00890,2026-07-18,271.02,5,生日宴,卡座
80,YJNextra00891,2026-08-09,488.32,6,家庭聚餐,窗边
94,YJNextra00892,2026-08-17,306.45,5,家庭聚餐,小包间
197,YJNextra00893,2026-08-16,226.52,5,家庭聚餐,大包间
131,YJNextra00894,2026-08-06,267.05,4,朋友聚餐,卡座
27,YJNextra00895,2026-08-13,326.51,4,家庭聚餐,卡座
153,YJNextra00896,2026-07-30,243.83,2,公司聚餐,窗边
82,YJNextra00897,2026-08-24,362.39,2,普通用餐,大厅
37,YJNextra00898,2026-08-26,661.45,3,朋友聚餐,小包间
23,YJNextra00899,2026-08-11,528.77,2,公司聚餐,小包间
157,YJNextra00900,2026-07-19,179.83,3,商务宴请,卡座
85,YJNextra00901,2026-07-22,452.14,4,普通用餐,卡座
168,YJNextra00902,2026-07-18,547.56,3,生日宴,大厅
134,YJNextra00903,2026-07-12,639.14,6,商务宴请,大厅
97,YJNextra00904,2026-07-21,199.26,3,普通用餐,卡座
102,YJNextra00905,2026-08-17,409.78,2,家庭聚餐,大厅
137,YJNextra00906,2026-07-11,309.08,4,商务宴请,大厅
24,YJNextra00907,2026-08-09,619.05,5,家庭聚餐,窗边
135,YJNextra00908,2026-07-18,675.84,2,普通用餐,小包间
169,YJNextra00909,2026-07-27,478.5,2,公司聚餐,窗边
80,YJNextra00910,2026-08-09,670.73,6,家庭聚餐,大厅
33,YJNextra00911,2026-08-09,647.58,4,家庭聚餐,小包间
171,YJNextra00912,2026-08-14,555.08,2,商务宴请,小包间
126,YJNextra00913,2026-07-29,493.12,3,普通用餐,卡座
103,YJNextra00914,2026-08-09,200.25,4,商务宴请,大包间
28,YJNextra00915,2026-08-09,661.54,3,普通用餐,窗边
123,YJNextra00916,2026-07-13,509.6,2,公司聚餐,大包间
180,YJNextra00917,2026-08-24,486.47,3,朋友聚餐,大包间
93,YJNextra00918,2026-07-19,247.43,4,普通用餐,卡座
120,YJNextra00919,2026-08-19,449.96,3,商务宴请,窗边
198,YJNextra00920,2026-08-10,523.71,3,生日宴,窗边
114,YJNextra00921,2026-07-20,534.67,6,普通用餐,窗边
150,YJNextra00922,2026-07-23,243.48,6,商务宴请,窗边
117,YJNextra00923,2026-08-04,457.82,2,朋友聚餐,窗边
117,YJNextra00924,2026-08-04,625.41,2,朋友聚餐,小包间
144,YJNextra00925,2026-08-26,325.74,4,普通用餐,窗边
78,YJNextra00926,2026-07-22,236.4,2,公司聚餐,卡座
101,YJNextra00927,2026-08-06,462.86,3,公司聚餐,卡座
91,YJNextra00928,2026-08-19,525.44,4,生日宴,大厅
166,YJNextra00929,2026-08-24,429.21,6,生日宴,大包间
133,YJNextra00930,2026-08-07,611.11,5,家庭聚餐,大包间
62,YJNextra00931,2026-07-30,268.5,2,商务宴请,大包间
23,YJNextra00932,2026-08-11,662.1,3,公司聚餐,窗边
83,YJNextra00933,2026-08-05,260.08,5,商务宴请,卡座
171,YJNextra00934,2026-08-14,336.95,5,商务宴请,窗边
148,YJNextra00935,2026-08-22,571.63,6,生日宴,大包间
115,YJNextra00936,2026-08-09,485.98,6,商务宴请,卡座
185,YJNextra00937,2026-07-30,501.52,2,普通用餐,卡座
52,YJNextra00938,2026-08-26,405.59,2,公司聚餐,窗边
179,YJNextra00939,2026-07-22,373.72,2,公司聚餐,卡座
137,YJNextra00940,2026-07-11,565.88,2,商务宴请,窗边
107,YJNextra00941,2026-08-26,374.98,4,生日宴,小包间
162,YJNextra00942,2026-07-27,387.68,6,普通用餐,大厅
179,YJNextra00943,2026-07-22,409.06,5,公司聚餐,大厅
175,YJNextra00944,2026-08-03,261.48,6,普通用餐,卡座
61,YJNextra00945,2026-08-24,383.05,5,生日宴,大厅
75,YJNextra00946,2026-08-11,474.96,3,朋友聚餐,大包间
47,YJNextra00947,2026-08-24,336.52,3,朋友聚餐,大厅
47,YJNextra00948,2026-08-24,535.24,4,朋友聚餐,大厅
181,YJNextra00949,2026-07-14,367.73,6,朋友聚餐,卡座
68,YJNextra00950,2026-07-19,454.18,2,朋友聚餐,窗边
121,YJNextra00951,2026-08-10,621.08,3,普通用餐,窗边
64,YJNextra00952,2026-08-23,567.96,2,家庭聚餐,大包间
112,YJNextra00953,2026-08-01,547.68,5,家庭聚餐,小包间
76,YJNextra00954,2026-08-14,635.24,3,生日宴,大厅
96,YJNextra00955,2026-07-15,406.49,5,公司聚餐,卡座
20,YJNextra00956,2026-07-25,627.01,3,普通用餐,窗边
165,YJNextra00957,2026-08-07,381.28,2,生日宴,卡座
20,YJNextra00958,2026-07-25,626.73,4,普通用餐,卡座
190,YJNextra00959,2026-08-23,597.13,2,商务宴请,窗边
64,YJNextra00960,2026-08-23,507.7,2,家庭聚餐,窗边
29,YJNextra00961,2026-08-09,468.61,6,家庭聚餐,小包间
120,YJNextra00962,2026-08-19,193.5,5,商务宴请,窗边
70,YJNextra00963,2026-08-19,315.88,6,普通用餐,卡座
191,YJNextra00964,2026-08-17,670.47,6,朋友聚餐,小包间
32,YJNextra00965,2026-07-21,567.63,4,普通用餐,小包间
135,YJNextra00966,2026-07-18,203.19,5,普通用餐,卡座
40,YJNextra00967,2026-08-27,412.82,2,生日宴,小包间
120,YJNextra00968,2026-08-19,383.15,3,商务宴请,窗边
38,YJNextra00969,2026-07-23,465.11,6,普通用餐,大厅
168,YJNextra00970,2026-07-18,526.1,4,生日宴,大包间
117,YJNextra00971,2026-08-04,441.2,6,朋友聚餐,小包间
60,YJNextra00972,2026-07-28,460.57,6,商务宴请,大包间
172,YJNextra00973,2026-08-09,261.55,6,朋友聚餐,窗边
107,YJNextra00974,2026-08-28,168.82,2,生日宴,大包间
56,YJNextra00975,2026-07-27,609.0,6,家庭聚餐,大包间
144,YJNextra00976,2026-08-29,341.57,6,普通用餐,窗边
22,YJNextra00977,2026-07-28,272.62,4,朋友聚餐,小包间
41,YJNextra00978,2026-07-31,324.15,6,普通用餐,小包间
20,YJNextra00979,2026-07-25,524.63,4,普通用餐,大包间
195,YJNextra00980,2026-07-26,667.26,3,生日宴,窗边
120,YJNextra00981,2026-08-19,343.73,5,商务宴请,大包间
32,YJNextra00982,2026-07-21,238.59,3,普通用餐,大包间
185,YJNextra00983,2026-07-30,408.48,5,普通用餐,大厅
180,YJNextra00984,2026-08-27,461.77,4,朋友聚餐,卡座
185,YJNextra00985,2026-07-30,276.3,4,普通用餐,小包间
40,YJNextra00986,2026-08-28,313.84,2,生日宴,小包间
134,YJNextra00987,2026-07-12,445.82,3,商务宴请,卡座
137,YJNextra00988,2026-07-11,477.5,4,商务宴请,小包间
29,YJNextra00989,2026-08-09,383.21,5,家庭聚餐,窗边
133,YJNextra00990,2026-08-07,599.32,4,家庭聚餐,窗边
181,YJNextra00991,2026-07-14,259.01,4,朋友聚餐,大厅
82,YJNextra00992,2026-08-28,398.76,2,普通用餐,大包间
175,YJNextra00993,2026-08-03,266.91,5,普通用餐,卡座
114,YJNextra00994,2026-07-20,338.22,2,普通用餐,卡座
60,YJNextra00995,2026-07-28,544.78,5,商务宴请,大包间
180,YJNextra00996,2026-08-29,170.14,2,朋友聚餐,卡座
46,YJNextra00997,2026-08-27,410.78,2,普通用餐,大厅
180,YJNextra00998,2026-08-23,510.67,4,朋友聚餐,大厅
197,YJNextra00999,2026-08-16,330.31,3,家庭聚餐,小包间
82,YJNextra01000,2026-08-28,317.02,6,普通用餐,小包间
26,YJNtoday01001,2026-08-29,444.57,2,商务宴请,卡座
37,YJNtoday01002,2026-08-29,237.57,4,朋友聚餐,大厅
39,YJNtoday01003,2026-08-29,193.07,2,普通用餐,大厅
40,YJNtoday01004,2026-08-29,368.12,4,生日宴,卡座
42,YJNtoday01005,2026-08-29,235.0,4,公司聚餐,窗边
43,YJNtoday01006,2026-08-29,269.28,2,朋友聚餐,卡座
45,YJNtoday01007,2026-08-29,391.6,4,家庭聚餐,窗边
46,YJNtoday01008,2026-08-29,335.29,3,普通用餐,大厅
47,YJNtoday01009,2026-08-29,344.28,2,朋友聚餐,大厅
52,YJNtoday01010,2026-08-29,315.36,2,公司聚餐,卡座
61,YJNtoday01011,2026-08-29,318.12,5,生日宴,窗边
64,YJNtoday01012,2026-08-29,306.07,4,家庭聚餐,大厅
66,YJNtoday01013,2026-08-29,424.68,2,朋友聚餐,卡座
77,YJNtoday01014,2026-08-29,376.51,2,公司聚餐,窗边
82,YJNtoday01015,2026-08-29,343.47,5,普通用餐,卡座
89,YJNtoday01016,2026-08-29,415.25,5,朋友聚餐,卡座
99,YJNtoday01017,2026-08-29,264.92,3,商务宴请,大厅
106,YJNtoday01018,2026-08-29,473.88,4,商务宴请,卡座
107,YJNtoday01019,2026-08-29,318.17,4,生日宴,卡座
109,YJNtoday01020,2026-08-29,338.49,2,生日宴,大厅
138,YJNtoday01021,2026-08-29,345.81,4,家庭聚餐,卡座
144,YJNtoday01022,2026-08-29,341.13,3,普通用餐,卡座
148,YJNtoday01023,2026-08-29,442.96,3,生日宴,窗边
151,YJNtoday01024,2026-08-29,222.17,2,公司聚餐,卡座
156,YJNtoday01025,2026-08-29,372.64,2,家庭聚餐,卡座
166,YJNtoday01026,2026-08-29,364.87,5,生日宴,窗边
177,YJNtoday01027,2026-08-29,325.26,3,家庭聚餐,窗边
178,YJNtoday01028,2026-08-29,240.79,5,公司聚餐,卡座
180,YJNtoday01029,2026-08-29,209.93,3,朋友聚餐,窗边
182,YJNtoday01030,2026-08-29,384.2,5,家庭聚餐,窗边
183,YJNtoday01031,2026-08-29,449.39,3,公司聚餐,大厅
188,YJNtoday01032,2026-08-29,407.99,2,公司聚餐,窗边
190,YJNtoday01033,2026-08-29,497.05,5,商务宴请,大厅
