table_name,seats,order_date,start_time,end_time,duration_minutes,amount,order_type
小包间B,8,2026-07-31,11:59:00,13:15:00,76,549.45,家庭聚餐
小包间B,8,2026-07-31,13:07:00,14:25:00,78,802.39,普通用餐
小包间B,8,2026-07-31,17:27:00,18:32:00,65,986.31,家庭聚餐
小包间B,8,2026-07-31,18:21:00,19:58:00,97,724.44,普通用餐
小包间B,8,2026-07-31,19:16:00,20:21:00,65,745.27,普通用餐
大包间2,16,2026-07-31,11:10:00,12:21:00,71,1372.27,普通用餐
大包间2,16,2026-07-31,12:01:00,13:12:00,71,1994.23,普通用餐
大包间2,16,2026-07-31,18:12:00,19:48:00,96,1523.7,普通用餐
大包间2,16,2026-07-31,19:04:00,20:14:00,70,1252.31,普通用餐
大包间2,16,2026-07-31,20:08:00,21:22:00,74,1552.22,普通用餐
小包间D,8,2026-07-31,12:08:00,13:17:00,69,817.17,普通用餐
小包间D,8,2026-07-31,17:23:00,18:43:00,80,644.45,家庭聚餐
小包间D,8,2026-07-31,19:57:00,21:09:00,72,549.99,普通用餐
小包间A,8,2026-07-31,13:00:00,14:14:00,74,905.25,家庭聚餐
小包间A,8,2026-07-31,17:22:00,18:36:00,74,598.99,普通用餐
小包间A,8,2026-07-31,18:18:00,19:53:00,95,879.53,普通用餐
大厅6,4,2026-07-31,11:17:00,12:26:00,69,382.73,普通用餐
大厅6,4,2026-07-31,12:03:00,13:07:00,64,502.75,普通用餐
大厅6,4,2026-07-31,18:17:00,19:56:00,99,562.33,普通用餐
大厅7,4,2026-07-31,18:15:00,19:54:00,99,454.89,普通用餐
大厅7,4,2026-07-31,19:05:00,20:11:00,66,430.28,普通用餐
大厅7,4,2026-07-31,20:03:00,21:07:00,64,384.34,普通用餐
大厅4,4,2026-07-31,13:08:00,14:28:00,80,470.97,普通用餐
大厅4,4,2026-07-31,18:24:00,20:05:00,101,620.95,普通用餐
大厅4,4,2026-07-31,20:03:00,21:20:00,77,275.63,普通用餐
大厅2,4,2026-07-31,11:10:00,12:19:00,69,387.2,普通用餐
大厅2,4,2026-07-31,12:01:00,13:12:00,71,290.4,普通用餐
大厅2,4,2026-07-31,12:54:00,14:02:00,68,431.5,普通用餐
大厅2,4,2026-07-31,18:24:00,20:05:00,101,597.47,普通用餐
大厅1,4,2026-07-31,18:12:00,19:48:00,96,566.2,普通用餐
大厅1,4,2026-07-31,19:17:00,20:24:00,67,351.73,普通用餐
大厅1,4,2026-07-31,20:01:00,21:16:00,75,336.67,普通用餐
大厅8,4,2026-07-31,17:22:00,18:41:00,79,320.24,普通用餐
大厅8,4,2026-07-31,18:12:00,19:46:00,94,563.12,普通用餐
大包间1,12,2026-07-31,11:12:00,12:23:00,71,1233.7,普通用餐
大包间1,12,2026-07-31,18:12:00,19:52:00,100,1315.04,家庭聚餐
大包间1,12,2026-07-31,19:11:00,20:16:00,65,1081.91,家庭聚餐
小包间C,8,2026-07-31,11:04:00,12:09:00,65,771.32,家庭聚餐
小包间C,8,2026-07-31,12:57:00,14:01:00,64,884.54,家庭聚餐
小包间C,8,2026-07-31,17:17:00,18:24:00,67,1011.16,家庭聚餐
小包间C,8,2026-07-31,18:24:00,20:05:00,101,1068.89,家庭聚餐
大包间2,16,2026-08-01,11:18:00,12:22:00,64,1165.21,普通用餐
大包间2,16,2026-08-01,11:57:00,13:08:00,71,1808.77,普通用餐
大包间2,16,2026-08-01,13:00:00,14:13:00,73,1870.07,家庭聚餐
大包间2,16,2026-08-01,17:18:00,18:27:00,69,1512.7,普通用餐
大包间2,16,2026-08-01,18:24:00,20:01:00,97,1947.94,家庭聚餐
大包间2,16,2026-08-01,19:08:00,20:27:00,79,1556.24,普通用餐
大包间2,16,2026-08-01,19:57:00,21:17:00,80,1543.67,普通用餐
大厅5,4,2026-08-01,11:14:00,12:18:00,64,292.23,普通用餐
大厅5,4,2026-08-01,12:54:00,14:04:00,70,325.62,普通用餐
大厅5,4,2026-08-01,18:19:00,19:53:00,94,676.22,普通用餐
大厅5,4,2026-08-01,19:06:00,20:17:00,71,451.07,普通用餐
小包间B,8,2026-08-01,11:02:00,12:09:00,67,861.75,普通用餐
小包间B,8,2026-08-01,12:06:00,13:19:00,73,836.42,家庭聚餐
小包间B,8,2026-08-01,12:53:00,13:58:00,65,942.85,普通用餐
小包间B,8,2026-08-01,18:22:00,19:59:00,97,1166.1,普通用餐
小包间B,8,2026-08-01,19:11:00,20:25:00,74,677.5,普通用餐
小包间B,8,2026-08-01,20:01:00,21:11:00,70,741.3,普通用餐
大厅7,4,2026-08-01,11:03:00,12:19:00,76,353.34,普通用餐
大厅7,4,2026-08-01,20:00:00,21:04:00,64,335.54,普通用餐
小包间D,8,2026-08-01,12:12:00,13:27:00,75,663.11,家庭聚餐
小包间D,8,2026-08-01,18:15:00,19:54:00,99,749.22,普通用餐
大包间1,12,2026-08-01,12:02:00,13:14:00,72,871.29,普通用餐
大包间1,12,2026-08-01,12:54:00,13:59:00,65,1395.36,普通用餐
大包间1,12,2026-08-01,17:20:00,18:25:00,65,933.15,家庭聚餐
大包间1,12,2026-08-01,18:25:00,20:01:00,96,1595.59,普通用餐
大包间1,12,2026-08-01,20:00:00,21:17:00,77,942.16,普通用餐
小包间C,8,2026-08-01,12:06:00,13:18:00,72,753.69,家庭聚餐
小包间C,8,2026-08-01,17:26:00,18:37:00,71,1010.55,普通用餐
小包间C,8,2026-08-01,18:25:00,19:58:00,93,1113.04,家庭聚餐
小包间C,8,2026-08-01,19:03:00,20:15:00,72,544.62,普通用餐
小包间C,8,2026-08-01,20:02:00,21:10:00,68,885.06,普通用餐
大厅4,4,2026-08-01,11:07:00,12:25:00,78,394.24,普通用餐
大厅4,4,2026-08-01,12:07:00,13:17:00,70,281.39,普通用餐
大厅4,4,2026-08-01,17:13:00,18:20:00,67,366.46,普通用餐
大厅4,4,2026-08-01,18:21:00,19:59:00,98,453.8,普通用餐
大厅3,4,2026-08-01,12:01:00,13:05:00,64,287.68,普通用餐
大厅3,4,2026-08-01,12:54:00,14:10:00,76,323.77,普通用餐
大厅3,4,2026-08-01,18:19:00,20:00:00,101,501.38,普通用餐
大厅3,4,2026-08-01,19:02:00,20:10:00,68,419.76,普通用餐
大厅3,4,2026-08-01,20:02:00,21:22:00,80,288.96,普通用餐
小包间A,8,2026-08-01,11:17:00,12:32:00,75,966.75,普通用餐
小包间A,8,2026-08-01,12:12:00,13:30:00,78,595.42,家庭聚餐
小包间A,8,2026-08-01,18:28:00,20:10:00,102,861.04,家庭聚餐
大厅8,4,2026-08-01,11:16:00,12:36:00,80,420.57,普通用餐
大厅8,4,2026-08-01,12:59:00,14:04:00,65,461.43,普通用餐
大厅8,4,2026-08-01,17:28:00,18:34:00,66,464.09,普通用餐
大厅8,4,2026-08-01,18:15:00,19:47:00,92,517.49,普通用餐
大厅8,4,2026-08-01,20:13:00,21:28:00,75,339.2,普通用餐
大厅6,4,2026-08-01,11:10:00,12:19:00,69,470.27,普通用餐
大厅6,4,2026-08-01,12:55:00,14:03:00,68,374.76,普通用餐
大厅6,4,2026-08-01,17:16:00,18:36:00,80,369.86,普通用餐
大厅6,4,2026-08-01,18:19:00,19:52:00,93,666.75,普通用餐
大厅2,4,2026-08-01,11:14:00,12:19:00,65,347.26,普通用餐
大厅2,4,2026-08-01,13:01:00,14:05:00,64,335.77,普通用餐
大厅2,4,2026-08-01,18:13:00,19:48:00,95,607.65,普通用餐
大厅2,4,2026-08-01,19:09:00,20:26:00,77,276.29,普通用餐
大厅1,4,2026-08-01,13:02:00,14:11:00,69,364.66,普通用餐
大厅1,4,2026-08-01,18:13:00,19:52:00,99,645.84,普通用餐
大厅1,4,2026-08-01,19:18:00,20:32:00,74,295.25,普通用餐
大厅3,4,2026-08-02,11:06:00,12:18:00,72,446.54,普通用餐
大厅3,4,2026-08-02,12:53:00,14:13:00,80,478.8,普通用餐
大厅3,4,2026-08-02,17:24:00,18:33:00,69,454.94,普通用餐
大厅3,4,2026-08-02,18:18:00,19:52:00,94,655.92,普通用餐
大厅3,4,2026-08-02,20:04:00,21:18:00,74,287.7,普通用餐
小包间A,8,2026-08-02,12:06:00,13:11:00,65,689.58,家庭聚餐
小包间A,8,2026-08-02,13:08:00,14:17:00,69,925.1,普通用餐
小包间A,8,2026-08-02,20:05:00,21:24:00,79,743.44,普通用餐
大厅7,4,2026-08-02,11:08:00,12:27:00,79,510.29,普通用餐
大厅7,4,2026-08-02,17:28:00,18:46:00,78,470.37,普通用餐
大厅7,4,2026-08-02,18:15:00,19:55:00,100,632.94,普通用餐
大厅7,4,2026-08-02,19:57:00,21:14:00,77,356.26,普通用餐
大包间1,12,2026-08-02,11:06:00,12:24:00,78,1181.41,普通用餐
大包间1,12,2026-08-02,18:23:00,20:04:00,101,1367.01,普通用餐
大包间1,12,2026-08-02,19:18:00,20:29:00,71,948.16,家庭聚餐
大包间1,12,2026-08-02,20:09:00,21:28:00,79,1029.4,家庭聚餐
大包间2,16,2026-08-02,12:00:00,13:15:00,75,1096.98,普通用餐
大包间2,16,2026-08-02,17:22:00,18:27:00,65,1301.5,普通用餐
大包间2,16,2026-08-02,18:19:00,19:52:00,93,2007.9,家庭聚餐
大包间2,16,2026-08-02,19:18:00,20:23:00,65,1190.66,普通用餐
大包间2,16,2026-08-02,20:03:00,21:21:00,78,1162.29,普通用餐
大厅5,4,2026-08-02,12:00:00,13:18:00,78,479.47,普通用餐
大厅5,4,2026-08-02,13:08:00,14:15:00,67,478.49,普通用餐
大厅5,4,2026-08-02,18:12:00,19:51:00,99,505.59,普通用餐
大厅5,4,2026-08-02,19:08:00,20:18:00,70,308.58,普通用餐
大厅5,4,2026-08-02,20:01:00,21:15:00,74,401.28,普通用餐
小包间D,8,2026-08-02,11:08:00,12:24:00,76,620.16,普通用餐
小包间D,8,2026-08-02,18:23:00,20:00:00,97,1168.63,家庭聚餐
小包间B,8,2026-08-02,11:07:00,12:18:00,71,994.15,家庭聚餐
小包间B,8,2026-08-02,12:05:00,13:22:00,77,1022.67,家庭聚餐
小包间B,8,2026-08-02,12:57:00,14:16:00,79,1012.69,家庭聚餐
小包间B,8,2026-08-02,19:17:00,20:27:00,70,781.99,普通用餐
大厅4,4,2026-08-02,11:10:00,12:20:00,70,390.44,普通用餐
大厅4,4,2026-08-02,13:02:00,14:22:00,80,426.62,普通用餐
大厅4,4,2026-08-02,18:15:00,19:53:00,98,635.39,普通用餐
大厅4,4,2026-08-02,19:06:00,20:22:00,76,285.06,普通用餐
大厅2,4,2026-08-02,11:03:00,12:12:00,69,388.53,普通用餐
大厅2,4,2026-08-02,11:58:00,13:05:00,67,465.5,普通用餐
大厅2,4,2026-08-02,18:21:00,20:03:00,102,670.83,普通用餐
大厅2,4,2026-08-02,19:03:00,20:13:00,70,441.32,普通用餐
大厅1,4,2026-08-03,13:02:00,14:19:00,77,432.08,普通用餐
大厅1,4,2026-08-03,18:24:00,19:58:00,94,511.79,普通用餐
大厅4,4,2026-08-03,11:05:00,12:23:00,78,347.47,普通用餐
大厅4,4,2026-08-03,12:07:00,13:21:00,74,426.79,普通用餐
大厅4,4,2026-08-03,18:18:00,19:57:00,99,688.47,普通用餐
大厅4,4,2026-08-03,19:14:00,20:23:00,69,356.13,普通用餐
小包间D,8,2026-08-03,11:14:00,12:22:00,68,764.62,家庭聚餐
小包间D,8,2026-08-03,11:57:00,13:08:00,71,855.94,家庭聚餐
小包间D,8,2026-08-03,13:03:00,14:09:00,66,937.83,普通用餐
小包间D,8,2026-08-03,18:16:00,19:55:00,99,1005.83,家庭聚餐
小包间D,8,2026-08-03,19:04:00,20:14:00,70,900.44,普通用餐
小包间D,8,2026-08-03,20:07:00,21:16:00,69,772.94,普通用餐
小包间A,8,2026-08-03,11:14:00,12:34:00,80,965.77,家庭聚餐
小包间A,8,2026-08-03,18:20:00,20:00:00,100,1062.51,家庭聚餐
小包间A,8,2026-08-03,20:13:00,21:30:00,77,990.38,普通用餐
大厅5,4,2026-08-03,11:18:00,12:38:00,80,510.17,普通用餐
大厅5,4,2026-08-03,12:54:00,14:06:00,72,331.64,普通用餐
大厅5,4,2026-08-03,17:20:00,18:30:00,70,491.29,普通用餐
小包间B,8,2026-08-03,11:13:00,12:20:00,67,1005.69,普通用餐
小包间B,8,2026-08-03,12:57:00,14:02:00,65,632.22,普通用餐
小包间B,8,2026-08-03,17:14:00,18:24:00,70,703.57,普通用餐
小包间B,8,2026-08-03,18:12:00,19:45:00,93,1011.0,普通用餐
大厅7,4,2026-08-03,11:16:00,12:31:00,75,486.32,普通用餐
大厅7,4,2026-08-03,12:52:00,14:00:00,68,490.73,普通用餐
大厅7,4,2026-08-03,18:16:00,19:55:00,99,518.02,普通用餐
大厅7,4,2026-08-03,19:12:00,20:23:00,71,486.4,普通用餐
大包间1,12,2026-08-03,11:07:00,12:24:00,77,1507.39,普通用餐
大包间1,12,2026-08-03,12:57:00,14:15:00,78,912.69,普通用餐
大包间1,12,2026-08-03,17:26:00,18:32:00,66,1498.5,普通用餐
大包间1,12,2026-08-03,18:13:00,19:50:00,97,1385.57,家庭聚餐
大包间1,12,2026-08-03,19:57:00,21:02:00,65,1073.36,家庭聚餐
小包间C,8,2026-08-03,11:59:00,13:05:00,66,795.67,家庭聚餐
小包间C,8,2026-08-03,12:57:00,14:12:00,75,547.34,普通用餐
小包间C,8,2026-08-03,17:22:00,18:42:00,80,808.65,普通用餐
小包间C,8,2026-08-03,18:23:00,20:01:00,98,1001.16,普通用餐
大厅2,4,2026-08-03,12:08:00,13:18:00,70,307.44,普通用餐
大厅2,4,2026-08-03,18:28:00,20:01:00,93,634.87,普通用餐
大厅2,4,2026-08-03,19:10:00,20:14:00,64,469.93,普通用餐
大厅8,4,2026-08-03,11:02:00,12:15:00,73,343.08,普通用餐
大厅8,4,2026-08-03,18:24:00,20:01:00,97,467.7,普通用餐
大厅8,4,2026-08-03,20:09:00,21:18:00,69,277.12,普通用餐
大包间2,16,2026-08-03,11:07:00,12:26:00,79,1251.42,家庭聚餐
大包间2,16,2026-08-03,12:10:00,13:14:00,64,1543.95,普通用餐
大包间2,16,2026-08-03,13:03:00,14:22:00,79,1404.09,普通用餐
大包间2,16,2026-08-03,18:15:00,19:57:00,102,2064.93,家庭聚餐
大包间2,16,2026-08-03,19:03:00,20:07:00,64,1835.62,普通用餐
大包间2,16,2026-08-03,20:04:00,21:24:00,80,1809.39,普通用餐
大厅3,4,2026-08-03,11:02:00,12:06:00,64,290.86,普通用餐
大厅3,4,2026-08-03,17:12:00,18:17:00,65,294.53,普通用餐
大厅3,4,2026-08-03,18:28:00,20:05:00,97,461.87,普通用餐
小包间B,8,2026-08-04,13:00:00,14:05:00,65,891.38,普通用餐
小包间B,8,2026-08-04,17:18:00,18:33:00,75,1004.64,普通用餐
小包间B,8,2026-08-04,18:26:00,20:06:00,100,1025.49,普通用餐
小包间B,8,2026-08-04,20:10:00,21:15:00,65,970.87,普通用餐
大厅2,4,2026-08-04,11:18:00,12:23:00,65,307.94,普通用餐
大厅2,4,2026-08-04,12:02:00,13:15:00,73,442.61,普通用餐
大厅2,4,2026-08-04,13:05:00,14:15:00,70,378.87,普通用餐
大厅2,4,2026-08-04,17:21:00,18:39:00,78,496.24,普通用餐
大厅2,4,2026-08-04,18:17:00,19:53:00,96,658.86,普通用餐
大包间1,12,2026-08-04,18:19:00,20:01:00,102,1445.09,家庭聚餐
大包间1,12,2026-08-04,19:12:00,20:25:00,73,1460.71,普通用餐
大厅5,4,2026-08-04,11:06:00,12:12:00,66,394.28,普通用餐
大厅5,4,2026-08-04,17:19:00,18:27:00,68,485.16,普通用餐
大厅5,4,2026-08-04,18:14:00,19:53:00,99,583.73,普通用餐
大厅8,4,2026-08-04,12:07:00,13:25:00,78,356.39,普通用餐
大厅8,4,2026-08-04,13:05:00,14:21:00,76,509.79,普通用餐
大厅8,4,2026-08-04,18:28:00,20:01:00,93,589.86,普通用餐
大厅8,4,2026-08-04,19:09:00,20:14:00,65,413.93,普通用餐
大厅7,4,2026-08-04,11:10:00,12:30:00,80,379.51,普通用餐
大厅7,4,2026-08-04,13:01:00,14:21:00,80,310.57,普通用餐
大厅7,4,2026-08-04,18:22:00,19:54:00,92,475.86,普通用餐
大厅7,4,2026-08-04,19:03:00,20:16:00,73,295.61,普通用餐
大包间2,16,2026-08-04,11:17:00,12:22:00,65,1234.18,家庭聚餐
大包间2,16,2026-08-04,12:56:00,14:01:00,65,1688.69,家庭聚餐
大包间2,16,2026-08-04,18:20:00,19:53:00,93,1542.48,家庭聚餐
大包间2,16,2026-08-04,19:14:00,20:28:00,74,1492.98,普通用餐
大厅3,4,2026-08-04,11:59:00,13:11:00,72,342.74,普通用餐
大厅3,4,2026-08-04,12:59:00,14:03:00,64,406.34,普通用餐
大厅3,4,2026-08-04,17:23:00,18:35:00,72,491.53,普通用餐
大厅3,4,2026-08-04,18:27:00,20:01:00,94,669.43,普通用餐
小包间A,8,2026-08-04,12:52:00,13:58:00,66,826.5,普通用餐
小包间A,8,2026-08-04,17:18:00,18:37:00,79,879.9,家庭聚餐
小包间A,8,2026-08-04,18:23:00,19:57:00,94,789.83,家庭聚餐
小包间A,8,2026-08-04,19:11:00,20:31:00,80,809.5,家庭聚餐
小包间A,8,2026-08-04,20:11:00,21:18:00,67,722.63,普通用餐
大厅1,4,2026-08-04,11:02:00,12:18:00,76,284.14,普通用餐
大厅1,4,2026-08-04,17:26:00,18:34:00,68,478.3,普通用餐
大厅1,4,2026-08-04,18:17:00,19:57:00,100,680.1,普通用餐
大厅1,4,2026-08-04,19:16:00,20:35:00,79,286.82,普通用餐
大厅1,4,2026-08-04,19:59:00,21:19:00,80,331.82,普通用餐
大厅4,4,2026-08-04,11:16:00,12:24:00,68,329.94,普通用餐
大厅4,4,2026-08-04,13:01:00,14:07:00,66,435.72,普通用餐
大厅4,4,2026-08-04,17:25:00,18:31:00,66,501.59,普通用餐
大厅4,4,2026-08-04,18:16:00,19:57:00,101,536.11,普通用餐
大厅4,4,2026-08-04,19:10:00,20:17:00,67,342.3,普通用餐
大厅4,4,2026-08-04,20:09:00,21:22:00,73,467.31,普通用餐
小包间C,8,2026-08-04,18:23:00,19:56:00,93,1181.87,普通用餐
小包间C,8,2026-08-04,19:13:00,20:22:00,69,746.15,普通用餐
小包间D,8,2026-08-04,11:11:00,12:23:00,72,629.95,普通用餐
小包间D,8,2026-08-04,17:22:00,18:26:00,64,552.17,家庭聚餐
小包间D,8,2026-08-04,18:24:00,20:01:00,97,939.15,家庭聚餐
小包间D,8,2026-08-04,19:12:00,20:18:00,66,866.89,普通用餐
大厅2,4,2026-08-05,11:06:00,12:24:00,78,299.75,普通用餐
大厅2,4,2026-08-05,12:05:00,13:16:00,71,378.7,普通用餐
大厅2,4,2026-08-05,17:27:00,18:44:00,77,462.48,普通用餐
大厅2,4,2026-08-05,18:24:00,20:03:00,99,632.73,普通用餐
大厅2,4,2026-08-05,19:04:00,20:15:00,71,423.41,普通用餐
大厅4,4,2026-08-05,13:08:00,14:12:00,64,396.34,普通用餐
大厅4,4,2026-08-05,17:14:00,18:18:00,64,319.26,普通用餐
大厅4,4,2026-08-05,18:15:00,19:52:00,97,686.08,普通用餐
大厅3,4,2026-08-05,13:01:00,14:09:00,68,446.52,普通用餐
大厅3,4,2026-08-05,18:28:00,20:07:00,99,523.39,普通用餐
大厅3,4,2026-08-05,19:17:00,20:33:00,76,419.54,普通用餐
大厅8,4,2026-08-05,11:07:00,12:25:00,78,481.53,普通用餐
大厅8,4,2026-08-05,17:16:00,18:36:00,80,323.46,普通用餐
大厅8,4,2026-08-05,18:24:00,19:59:00,95,470.16,普通用餐
大厅8,4,2026-08-05,19:08:00,20:24:00,76,409.96,普通用餐
大厅8,4,2026-08-05,20:10:00,21:14:00,64,331.39,普通用餐
小包间A,8,2026-08-05,12:09:00,13:25:00,76,958.6,普通用餐
小包间A,8,2026-08-05,12:56:00,14:15:00,79,765.81,普通用餐
小包间A,8,2026-08-05,18:21:00,19:56:00,95,1145.15,普通用餐
小包间A,8,2026-08-05,19:14:00,20:18:00,64,720.51,普通用餐
小包间A,8,2026-08-05,20:13:00,21:31:00,78,816.52,普通用餐
小包间B,8,2026-08-05,12:01:00,13:21:00,80,623.51,家庭聚餐
小包间B,8,2026-08-05,12:53:00,14:10:00,77,724.23,家庭聚餐
小包间B,8,2026-08-05,18:17:00,19:53:00,96,1036.73,普通用餐
大包间2,16,2026-08-05,11:13:00,12:21:00,68,1121.11,普通用餐
大包间2,16,2026-08-05,12:03:00,13:13:00,70,1145.52,普通用餐
大包间2,16,2026-08-05,18:21:00,20:02:00,101,2188.06,普通用餐
大包间2,16,2026-08-05,19:14:00,20:34:00,80,1774.73,家庭聚餐
大厅7,4,2026-08-05,12:57:00,14:16:00,79,468.79,普通用餐
大厅7,4,2026-08-05,17:17:00,18:28:00,71,288.6,普通用餐
大厅7,4,2026-08-05,18:21:00,19:55:00,94,626.96,普通用餐
大厅1,4,2026-08-05,11:07:00,12:14:00,67,349.0,普通用餐
大厅1,4,2026-08-05,12:13:00,13:21:00,68,386.78,普通用餐
大厅1,4,2026-08-05,18:28:00,20:02:00,94,466.1,普通用餐
小包间D,8,2026-08-05,12:11:00,13:22:00,71,556.32,家庭聚餐
小包间D,8,2026-08-05,12:56:00,14:11:00,75,874.61,普通用餐
小包间D,8,2026-08-05,17:19:00,18:37:00,78,603.68,普通用餐
小包间D,8,2026-08-05,18:28:00,20:07:00,99,775.91,家庭聚餐
大包间1,12,2026-08-05,11:10:00,12:16:00,66,959.93,普通用餐
大包间1,12,2026-08-05,12:08:00,13:22:00,74,1531.67,普通用餐
大包间1,12,2026-08-05,13:03:00,14:10:00,67,1530.18,普通用餐
大包间1,12,2026-08-05,17:13:00,18:22:00,69,881.53,普通用餐
大包间1,12,2026-08-05,18:21:00,20:01:00,100,1075.0,普通用餐
大包间1,12,2026-08-05,19:05:00,20:14:00,69,1341.52,普通用餐
大厅6,4,2026-08-05,11:05:00,12:19:00,74,380.56,普通用餐
大厅6,4,2026-08-05,13:05:00,14:17:00,72,322.67,普通用餐
大厅6,4,2026-08-05,18:17:00,19:50:00,93,562.22,普通用餐
大厅5,4,2026-08-05,18:20:00,19:54:00,94,602.14,普通用餐
小包间C,8,2026-08-05,12:06:00,13:20:00,74,602.83,普通用餐
小包间C,8,2026-08-05,12:52:00,14:04:00,72,881.31,普通用餐
小包间C,8,2026-08-05,18:15:00,19:50:00,95,1035.88,普通用餐
小包间C,8,2026-08-05,19:08:00,20:27:00,79,614.98,普通用餐
小包间C,8,2026-08-05,20:03:00,21:09:00,66,806.74,家庭聚餐
大厅2,4,2026-08-06,12:10:00,13:29:00,79,449.96,普通用餐
大厅2,4,2026-08-06,17:12:00,18:23:00,71,378.72,普通用餐
大厅2,4,2026-08-06,18:18:00,19:50:00,92,664.97,普通用餐
大包间2,16,2026-08-06,18:19:00,19:56:00,97,1419.22,普通用餐
大包间2,16,2026-08-06,19:02:00,20:11:00,69,2010.24,普通用餐
大包间2,16,2026-08-06,20:05:00,21:12:00,67,1819.87,家庭聚餐
小包间B,8,2026-08-06,12:54:00,14:07:00,73,632.25,普通用餐
小包间B,8,2026-08-06,17:21:00,18:35:00,74,647.74,普通用餐
小包间B,8,2026-08-06,18:20:00,20:01:00,101,912.76,普通用餐
小包间B,8,2026-08-06,20:11:00,21:19:00,68,643.92,普通用餐
大厅3,4,2026-08-06,12:08:00,13:14:00,66,507.7,普通用餐
大厅3,4,2026-08-06,13:03:00,14:22:00,79,406.61,普通用餐
大厅3,4,2026-08-06,18:16:00,19:58:00,102,609.68,普通用餐
大厅3,4,2026-08-06,19:04:00,20:09:00,65,493.88,普通用餐
大厅7,4,2026-08-06,18:13:00,19:48:00,95,574.44,普通用餐
大厅7,4,2026-08-06,20:06:00,21:24:00,78,459.43,普通用餐
大厅5,4,2026-08-06,12:10:00,13:29:00,79,504.09,普通用餐
大厅5,4,2026-08-06,12:55:00,13:59:00,64,353.39,普通用餐
大厅5,4,2026-08-06,17:25:00,18:32:00,67,345.79,普通用餐
大厅5,4,2026-08-06,18:13:00,19:55:00,102,641.52,普通用餐
大厅5,4,2026-08-06,19:58:00,21:13:00,75,421.74,普通用餐
小包间A,8,2026-08-06,12:07:00,13:16:00,69,911.14,普通用餐
小包间A,8,2026-08-06,12:52:00,14:06:00,74,895.95,家庭聚餐
小包间A,8,2026-08-06,17:25:00,18:40:00,75,622.92,普通用餐
小包间A,8,2026-08-06,18:14:00,19:56:00,102,1192.13,普通用餐
小包间A,8,2026-08-06,19:09:00,20:25:00,76,987.16,普通用餐
大厅1,4,2026-08-06,11:03:00,12:16:00,73,382.71,普通用餐
大厅1,4,2026-08-06,13:00:00,14:04:00,64,442.26,普通用餐
大厅1,4,2026-08-06,17:25:00,18:31:00,66,387.65,普通用餐
大厅1,4,2026-08-06,18:19:00,19:51:00,92,622.42,普通用餐
大厅1,4,2026-08-06,19:07:00,20:18:00,71,451.36,普通用餐
大厅8,4,2026-08-06,11:04:00,12:23:00,79,500.86,普通用餐
大厅8,4,2026-08-06,17:25:00,18:42:00,77,362.06,普通用餐
大厅8,4,2026-08-06,18:18:00,19:50:00,92,533.7,普通用餐
大厅8,4,2026-08-06,19:18:00,20:34:00,76,367.86,普通用餐
大厅4,4,2026-08-06,12:06:00,13:17:00,71,366.6,普通用餐
大厅4,4,2026-08-06,13:02:00,14:07:00,65,508.91,普通用餐
大厅4,4,2026-08-06,18:14:00,19:52:00,98,597.54,普通用餐
大厅4,4,2026-08-06,20:11:00,21:20:00,69,301.7,普通用餐
小包间C,8,2026-08-06,11:15:00,12:25:00,70,921.65,普通用餐
小包间C,8,2026-08-06,13:05:00,14:20:00,75,958.28,普通用餐
小包间C,8,2026-08-06,18:26:00,20:04:00,98,1149.64,普通用餐
小包间C,8,2026-08-06,20:04:00,21:18:00,74,744.32,普通用餐
小包间D,8,2026-08-06,12:03:00,13:08:00,65,625.27,普通用餐
小包间D,8,2026-08-06,12:57:00,14:09:00,72,691.55,普通用餐
小包间D,8,2026-08-06,18:19:00,19:56:00,97,840.74,普通用餐
大包间1,12,2026-08-06,11:59:00,13:15:00,76,943.68,普通用餐
大包间1,12,2026-08-06,18:25:00,20:03:00,98,1012.44,家庭聚餐
大包间1,12,2026-08-06,20:10:00,21:30:00,80,833.11,普通用餐
大厅6,4,2026-08-07,11:04:00,12:09:00,65,476.12,普通用餐
大厅6,4,2026-08-07,17:18:00,18:33:00,75,311.65,普通用餐
大厅6,4,2026-08-07,18:22:00,19:56:00,94,586.23,普通用餐
大厅6,4,2026-08-07,19:03:00,20:08:00,65,312.42,普通用餐
大厅7,4,2026-08-07,11:09:00,12:24:00,75,368.39,普通用餐
大厅7,4,2026-08-07,12:01:00,13:06:00,65,366.93,普通用餐
大厅7,4,2026-08-07,13:07:00,14:26:00,79,322.15,普通用餐
大厅7,4,2026-08-07,18:28:00,20:03:00,95,673.99,普通用餐
大厅7,4,2026-08-07,19:13:00,20:20:00,67,386.98,普通用餐
大厅7,4,2026-08-07,19:58:00,21:03:00,65,370.68,普通用餐
小包间C,8,2026-08-07,11:05:00,12:25:00,80,1019.82,普通用餐
小包间C,8,2026-08-07,12:13:00,13:21:00,68,628.12,家庭聚餐
小包间C,8,2026-08-07,13:02:00,14:17:00,75,672.27,普通用餐
小包间C,8,2026-08-07,17:28:00,18:48:00,80,910.58,普通用餐
小包间C,8,2026-08-07,18:19:00,19:51:00,92,735.42,普通用餐
大厅3,4,2026-08-07,11:13:00,12:27:00,74,297.36,普通用餐
大厅3,4,2026-08-07,17:13:00,18:31:00,78,306.74,普通用餐
大厅3,4,2026-08-07,18:22:00,19:55:00,93,501.46,普通用餐
大厅5,4,2026-08-07,11:04:00,12:08:00,64,392.24,普通用餐
大厅5,4,2026-08-07,13:03:00,14:10:00,67,300.36,普通用餐
大厅5,4,2026-08-07,17:28:00,18:45:00,77,313.62,普通用餐
大厅5,4,2026-08-07,18:17:00,19:55:00,98,549.63,普通用餐
大厅5,4,2026-08-07,19:18:00,20:31:00,73,290.59,普通用餐
大厅4,4,2026-08-07,11:13:00,12:29:00,76,285.28,普通用餐
大厅4,4,2026-08-07,12:05:00,13:18:00,73,353.15,普通用餐
大厅4,4,2026-08-07,12:53:00,14:03:00,70,455.22,普通用餐
大厅4,4,2026-08-07,17:15:00,18:30:00,75,332.43,普通用餐
大厅4,4,2026-08-07,18:22:00,20:02:00,100,627.64,普通用餐
大厅4,4,2026-08-07,19:09:00,20:27:00,78,340.14,普通用餐
小包间D,8,2026-08-07,11:58:00,13:10:00,72,1022.87,家庭聚餐
小包间D,8,2026-08-07,12:55:00,14:00:00,65,550.98,家庭聚餐
小包间D,8,2026-08-07,17:28:00,18:39:00,71,874.19,普通用餐
小包间D,8,2026-08-07,18:22:00,20:00:00,98,1102.11,普通用餐
小包间D,8,2026-08-07,19:14:00,20:34:00,80,830.62,普通用餐
大包间1,12,2026-08-07,11:09:00,12:15:00,66,1296.67,普通用餐
大包间1,12,2026-08-07,11:57:00,13:15:00,78,1196.29,普通用餐
大包间1,12,2026-08-07,17:17:00,18:22:00,65,1264.99,普通用餐
大包间1,12,2026-08-07,18:19:00,19:59:00,100,1650.94,家庭聚餐
大包间1,12,2026-08-07,19:16:00,20:36:00,80,1083.15,家庭聚餐
大包间1,12,2026-08-07,20:11:00,21:18:00,67,1320.22,家庭聚餐
小包间A,8,2026-08-07,11:03:00,12:09:00,66,847.12,家庭聚餐
小包间A,8,2026-08-07,12:12:00,13:17:00,65,832.58,家庭聚餐
小包间A,8,2026-08-07,12:59:00,14:03:00,64,624.43,普通用餐
小包间A,8,2026-08-07,18:20:00,19:59:00,99,1041.95,普通用餐
小包间A,8,2026-08-07,19:16:00,20:29:00,73,997.24,普通用餐
小包间A,8,2026-08-07,20:07:00,21:27:00,80,734.21,家庭聚餐
大厅2,4,2026-08-07,11:13:00,12:19:00,66,382.67,普通用餐
大厅2,4,2026-08-07,17:28:00,18:34:00,66,510.18,普通用餐
大厅2,4,2026-08-07,18:12:00,19:44:00,92,639.11,普通用餐
大厅2,4,2026-08-07,19:06:00,20:11:00,65,408.35,普通用餐
大包间2,16,2026-08-07,11:05:00,12:22:00,77,1899.98,普通用餐
大包间2,16,2026-08-07,18:25:00,20:00:00,95,1995.78,家庭聚餐
大包间2,16,2026-08-07,19:03:00,20:11:00,68,1446.04,普通用餐
大包间2,16,2026-08-07,20:04:00,21:15:00,71,1784.96,家庭聚餐
大厅3,4,2026-08-08,12:57:00,14:05:00,68,410.9,普通用餐
大厅3,4,2026-08-08,18:15:00,19:56:00,101,479.07,普通用餐
大厅3,4,2026-08-08,19:14:00,20:32:00,78,321.74,普通用餐
大厅3,4,2026-08-08,20:05:00,21:10:00,65,471.71,普通用餐
大厅4,4,2026-08-08,11:03:00,12:07:00,64,500.34,普通用餐
大厅4,4,2026-08-08,12:02:00,13:07:00,65,349.75,普通用餐
大厅4,4,2026-08-08,12:52:00,14:00:00,68,430.78,普通用餐
大厅4,4,2026-08-08,18:15:00,19:57:00,102,550.0,普通用餐
大厅4,4,2026-08-08,19:07:00,20:14:00,67,379.33,普通用餐
大厅4,4,2026-08-08,20:01:00,21:09:00,68,375.6,普通用餐
大厅6,4,2026-08-08,17:20:00,18:34:00,74,288.99,普通用餐
大厅6,4,2026-08-08,18:25:00,20:03:00,98,632.21,普通用餐
小包间A,8,2026-08-08,11:17:00,12:36:00,79,754.22,家庭聚餐
小包间A,8,2026-08-08,13:01:00,14:16:00,75,819.26,普通用餐
小包间A,8,2026-08-08,18:16:00,19:56:00,100,1025.55,家庭聚餐
小包间A,8,2026-08-08,20:12:00,21:18:00,66,828.18,家庭聚餐
小包间B,8,2026-08-08,18:20:00,19:57:00,97,884.82,普通用餐
小包间B,8,2026-08-08,19:16:00,20:31:00,75,685.56,普通用餐
小包间B,8,2026-08-08,20:07:00,21:24:00,77,828.12,普通用餐
大厅2,4,2026-08-08,11:17:00,12:30:00,73,416.88,普通用餐
大厅2,4,2026-08-08,12:08:00,13:13:00,65,510.59,普通用餐
大厅2,4,2026-08-08,13:02:00,14:12:00,70,411.88,普通用餐
大厅2,4,2026-08-08,20:04:00,21:19:00,75,403.33,普通用餐
小包间C,8,2026-08-08,11:57:00,13:01:00,64,696.52,家庭聚餐
小包间C,8,2026-08-08,17:14:00,18:25:00,71,872.23,普通用餐
小包间C,8,2026-08-08,18:15:00,19:50:00,95,785.7,普通用餐
小包间C,8,2026-08-08,19:58:00,21:13:00,75,825.84,家庭聚餐
大包间2,16,2026-08-08,11:08:00,12:26:00,78,1789.05,家庭聚餐
大包间2,16,2026-08-08,12:54:00,14:06:00,72,1975.34,普通用餐
大包间2,16,2026-08-08,18:20:00,19:56:00,96,1837.36,家庭聚餐
大厅8,4,2026-08-08,11:04:00,12:10:00,66,291.18,普通用餐
大厅8,4,2026-08-08,13:05:00,14:14:00,69,320.77,普通用餐
大厅8,4,2026-08-08,18:28:00,20:09:00,101,572.63,普通用餐
大厅8,4,2026-08-08,19:59:00,21:03:00,64,276.16,普通用餐
大厅5,4,2026-08-08,11:11:00,12:23:00,72,413.14,普通用餐
大厅5,4,2026-08-08,12:05:00,13:11:00,66,282.41,普通用餐
大厅5,4,2026-08-08,18:19:00,19:55:00,96,544.85,普通用餐
大厅5,4,2026-08-08,19:04:00,20:18:00,74,284.76,普通用餐
大包间1,12,2026-08-08,11:59:00,13:12:00,73,935.6,普通用餐
大包间1,12,2026-08-08,19:16:00,20:28:00,72,1037.9,普通用餐
大包间1,12,2026-08-08,20:05:00,21:18:00,73,1414.65,普通用餐
大厅1,4,2026-08-08,11:04:00,12:09:00,65,436.28,普通用餐
大厅1,4,2026-08-08,17:18:00,18:37:00,79,367.37,普通用餐
大厅1,4,2026-08-08,18:13:00,19:55:00,102,521.22,普通用餐
大厅1,4,2026-08-08,19:07:00,20:13:00,66,445.19,普通用餐
大厅1,4,2026-08-08,19:58:00,21:05:00,67,332.76,普通用餐
大厅1,4,2026-08-09,11:07:00,12:22:00,75,321.27,普通用餐
大厅1,4,2026-08-09,12:09:00,13:28:00,79,447.64,普通用餐
大厅1,4,2026-08-09,17:13:00,18:30:00,77,344.01,普通用餐
大厅1,4,2026-08-09,18:18:00,19:51:00,93,639.06,普通用餐
大厅1,4,2026-08-09,20:08:00,21:28:00,80,320.23,普通用餐
大厅8,4,2026-08-09,17:12:00,18:19:00,67,399.14,普通用餐
大厅8,4,2026-08-09,18:14:00,19:48:00,94,528.31,普通用餐
大厅5,4,2026-08-09,17:16:00,18:27:00,71,499.0,普通用餐
大厅5,4,2026-08-09,18:15:00,19:49:00,94,583.04,普通用餐
大厅5,4,2026-08-09,19:02:00,20:14:00,72,398.68,普通用餐
小包间B,8,2026-08-09,18:22:00,19:54:00,92,987.48,普通用餐
小包间B,8,2026-08-09,20:00:00,21:17:00,77,919.07,普通用餐
大厅2,4,2026-08-09,11:13:00,12:23:00,70,472.13,普通用餐
大厅2,4,2026-08-09,13:08:00,14:27:00,79,465.68,普通用餐
大厅2,4,2026-08-09,18:28:00,20:09:00,101,589.23,普通用餐
大厅2,4,2026-08-09,19:16:00,20:27:00,71,385.59,普通用餐
大厅2,4,2026-08-09,19:57:00,21:14:00,77,492.98,普通用餐
大包间1,12,2026-08-09,12:10:00,13:17:00,67,1494.75,普通用餐
大包间1,12,2026-08-09,12:56:00,14:10:00,74,1367.21,普通用餐
大包间1,12,2026-08-09,17:25:00,18:40:00,75,1436.33,普通用餐
大包间1,12,2026-08-09,18:19:00,19:53:00,94,1536.9,家庭聚餐
大厅3,4,2026-08-09,12:01:00,13:14:00,73,430.79,普通用餐
大厅3,4,2026-08-09,12:53:00,14:09:00,76,332.72,普通用餐
大厅3,4,2026-08-09,18:18:00,19:51:00,93,486.6,普通用餐
大厅3,4,2026-08-09,19:02:00,20:21:00,79,321.97,普通用餐
大厅3,4,2026-08-09,20:03:00,21:20:00,77,316.62,普通用餐
大厅4,4,2026-08-09,12:56:00,14:13:00,77,442.95,普通用餐
大厅4,4,2026-08-09,18:19:00,19:56:00,97,618.14,普通用餐
大厅4,4,2026-08-09,19:03:00,20:14:00,71,392.73,普通用餐
大厅4,4,2026-08-09,19:59:00,21:17:00,78,321.24,普通用餐
小包间D,8,2026-08-09,12:09:00,13:19:00,70,596.09,普通用餐
小包间D,8,2026-08-09,12:54:00,14:10:00,76,643.33,家庭聚餐
小包间D,8,2026-08-09,18:27:00,20:00:00,93,1053.22,普通用餐
小包间D,8,2026-08-09,19:11:00,20:27:00,76,880.89,普通用餐
小包间D,8,2026-08-09,19:57:00,21:03:00,66,910.78,家庭聚餐
大包间2,16,2026-08-09,11:10:00,12:20:00,70,1931.69,普通用餐
大包间2,16,2026-08-09,17:24:00,18:28:00,64,1779.65,普通用餐
大包间2,16,2026-08-09,18:28:00,20:02:00,94,1324.45,普通用餐
大厅7,4,2026-08-09,11:06:00,12:15:00,69,339.36,普通用餐
大厅7,4,2026-08-09,12:01:00,13:13:00,72,331.87,普通用餐
大厅7,4,2026-08-09,13:02:00,14:16:00,74,325.82,普通用餐
大厅7,4,2026-08-09,17:20:00,18:28:00,68,439.01,普通用餐
小包间A,8,2026-08-09,13:04:00,14:15:00,71,761.49,普通用餐
小包间A,8,2026-08-09,18:18:00,19:57:00,99,810.39,普通用餐
小包间A,8,2026-08-09,19:05:00,20:12:00,67,686.83,普通用餐
小包间C,8,2026-08-09,11:04:00,12:08:00,64,988.53,家庭聚餐
小包间C,8,2026-08-09,13:04:00,14:12:00,68,657.98,普通用餐
小包间C,8,2026-08-09,17:27:00,18:43:00,76,828.99,普通用餐
小包间C,8,2026-08-09,18:25:00,20:03:00,98,1195.1,家庭聚餐
小包间C,8,2026-08-09,19:12:00,20:20:00,68,975.82,家庭聚餐
小包间C,8,2026-08-09,20:02:00,21:18:00,76,900.27,普通用餐
大厅6,4,2026-08-09,12:03:00,13:17:00,74,397.49,普通用餐
大厅6,4,2026-08-09,17:21:00,18:39:00,78,469.14,普通用餐
大厅6,4,2026-08-09,18:26:00,20:02:00,96,577.98,普通用餐
大厅6,4,2026-08-09,19:04:00,20:13:00,69,303.76,普通用餐
大厅6,4,2026-08-09,20:06:00,21:24:00,78,355.8,普通用餐
大厅2,4,2026-08-10,17:27:00,18:36:00,69,385.54,普通用餐
大厅2,4,2026-08-10,18:17:00,19:51:00,94,665.73,普通用餐
大厅2,4,2026-08-10,19:18:00,20:28:00,70,297.32,普通用餐
大厅8,4,2026-08-10,11:02:00,12:14:00,72,471.99,普通用餐
大厅8,4,2026-08-10,17:20:00,18:40:00,80,449.85,普通用餐
大厅8,4,2026-08-10,18:21:00,19:54:00,93,688.4,普通用餐
大厅8,4,2026-08-10,19:06:00,20:23:00,77,435.81,普通用餐
大厅8,4,2026-08-10,20:06:00,21:10:00,64,321.59,普通用餐
大厅1,4,2026-08-10,11:15:00,12:21:00,66,478.81,普通用餐
大厅1,4,2026-08-10,12:08:00,13:14:00,66,407.43,普通用餐
大厅1,4,2026-08-10,17:15:00,18:31:00,76,334.23,普通用餐
大厅1,4,2026-08-10,18:14:00,19:48:00,94,453.06,普通用餐
大厅1,4,2026-08-10,19:08:00,20:27:00,79,442.72,普通用餐
大厅1,4,2026-08-10,20:08:00,21:23:00,75,508.24,普通用餐
大厅4,4,2026-08-10,12:05:00,13:09:00,64,429.76,普通用餐
大厅4,4,2026-08-10,13:05:00,14:09:00,64,369.44,普通用餐
大厅4,4,2026-08-10,18:18:00,19:52:00,94,541.24,普通用餐
大厅4,4,2026-08-10,19:14:00,20:25:00,71,469.69,普通用餐
大厅3,4,2026-08-10,12:56:00,14:02:00,66,456.78,普通用餐
大厅3,4,2026-08-10,19:08:00,20:25:00,77,377.92,普通用餐
小包间D,8,2026-08-10,11:04:00,12:14:00,70,564.39,普通用餐
小包间D,8,2026-08-10,11:59:00,13:18:00,79,879.43,普通用餐
小包间D,8,2026-08-10,17:23:00,18:36:00,73,717.39,家庭聚餐
小包间D,8,2026-08-10,18:15:00,19:50:00,95,762.84,普通用餐
小包间D,8,2026-08-10,19:57:00,21:09:00,72,987.6,家庭聚餐
大厅6,4,2026-08-10,11:04:00,12:18:00,74,499.58,普通用餐
大厅6,4,2026-08-10,13:03:00,14:16:00,73,284.85,普通用餐
大厅6,4,2026-08-10,17:17:00,18:24:00,67,460.86,普通用餐
大厅6,4,2026-08-10,19:11:00,20:22:00,71,510.36,普通用餐
大包间2,16,2026-08-10,11:05:00,12:09:00,64,2039.0,普通用餐
大包间2,16,2026-08-10,18:20:00,19:59:00,99,2025.4,家庭聚餐
大包间2,16,2026-08-10,19:10:00,20:16:00,66,1477.51,家庭聚餐
大厅7,4,2026-08-10,11:12:00,12:32:00,80,494.17,普通用餐
大厅7,4,2026-08-10,12:00:00,13:09:00,69,412.06,普通用餐
大厅7,4,2026-08-10,13:01:00,14:20:00,79,275.91,普通用餐
大厅7,4,2026-08-10,18:27:00,20:03:00,96,530.45,普通用餐
大厅7,4,2026-08-10,19:08:00,20:26:00,78,290.81,普通用餐
小包间C,8,2026-08-10,11:18:00,12:23:00,65,547.93,普通用餐
小包间C,8,2026-08-10,13:06:00,14:25:00,79,1019.32,家庭聚餐
小包间C,8,2026-08-10,17:16:00,18:21:00,65,568.95,家庭聚餐
小包间C,8,2026-08-10,18:22:00,19:56:00,94,917.08,普通用餐
小包间C,8,2026-08-10,20:11:00,21:25:00,74,643.49,家庭聚餐
小包间A,8,2026-08-10,17:16:00,18:29:00,73,700.15,普通用餐
小包间A,8,2026-08-10,18:22:00,19:59:00,97,960.54,普通用餐
小包间A,8,2026-08-10,20:12:00,21:23:00,71,815.09,普通用餐
大厅5,4,2026-08-10,12:56:00,14:01:00,65,330.47,普通用餐
大厅5,4,2026-08-10,17:21:00,18:27:00,66,451.77,普通用餐
大厅5,4,2026-08-10,18:27:00,20:04:00,97,457.4,普通用餐
小包间B,8,2026-08-10,12:08:00,13:23:00,75,596.2,家庭聚餐
小包间B,8,2026-08-10,13:06:00,14:18:00,72,797.38,普通用餐
小包间B,8,2026-08-10,17:12:00,18:18:00,66,780.74,普通用餐
小包间B,8,2026-08-10,18:16:00,19:48:00,92,1175.63,普通用餐
小包间A,8,2026-08-11,17:19:00,18:26:00,67,845.53,普通用餐
小包间A,8,2026-08-11,18:16:00,19:54:00,98,1150.52,家庭聚餐
小包间A,8,2026-08-11,19:02:00,20:11:00,69,777.68,家庭聚餐
小包间A,8,2026-08-11,20:03:00,21:13:00,70,695.75,家庭聚餐
大厅5,4,2026-08-11,11:57:00,13:08:00,71,377.37,普通用餐
大厅5,4,2026-08-11,17:13:00,18:20:00,67,366.07,普通用餐
大厅5,4,2026-08-11,18:22:00,19:58:00,96,548.54,普通用餐
大厅2,4,2026-08-11,11:18:00,12:24:00,66,504.29,普通用餐
大厅2,4,2026-08-11,12:13:00,13:33:00,80,308.7,普通用餐
大厅2,4,2026-08-11,17:22:00,18:31:00,69,335.32,普通用餐
大厅2,4,2026-08-11,18:24:00,20:05:00,101,483.06,普通用餐
大厅2,4,2026-08-11,19:09:00,20:14:00,65,284.59,普通用餐
大厅8,4,2026-08-11,11:11:00,12:25:00,74,353.19,普通用餐
大厅8,4,2026-08-11,11:57:00,13:15:00,78,295.74,普通用餐
大厅8,4,2026-08-11,13:00:00,14:06:00,66,465.35,普通用餐
大厅8,4,2026-08-11,17:28:00,18:33:00,65,343.58,普通用餐
大厅8,4,2026-08-11,18:18:00,19:54:00,96,640.18,普通用餐
大厅8,4,2026-08-11,19:18:00,20:25:00,67,364.19,普通用餐
小包间D,8,2026-08-11,12:13:00,13:21:00,68,762.26,家庭聚餐
小包间D,8,2026-08-11,17:15:00,18:21:00,66,753.37,普通用餐
小包间D,8,2026-08-11,20:03:00,21:17:00,74,620.9,普通用餐
大厅7,4,2026-08-11,11:13:00,12:21:00,68,458.56,普通用餐
大厅7,4,2026-08-11,12:11:00,13:18:00,67,394.21,普通用餐
大厅7,4,2026-08-11,18:28:00,20:08:00,100,649.88,普通用餐
大厅7,4,2026-08-11,19:09:00,20:15:00,66,326.9,普通用餐
大包间1,12,2026-08-11,11:04:00,12:21:00,77,1165.44,普通用餐
大包间1,12,2026-08-11,13:08:00,14:17:00,69,1005.83,普通用餐
大包间1,12,2026-08-11,17:14:00,18:22:00,68,1252.0,家庭聚餐
大包间1,12,2026-08-11,18:18:00,19:56:00,98,1087.46,家庭聚餐
大包间1,12,2026-08-11,19:03:00,20:13:00,70,858.38,普通用餐
小包间C,8,2026-08-11,12:07:00,13:27:00,80,859.85,普通用餐
小包间C,8,2026-08-11,18:17:00,19:53:00,96,801.0,家庭聚餐
小包间C,8,2026-08-11,19:04:00,20:13:00,69,683.1,家庭聚餐
大厅6,4,2026-08-11,11:16:00,12:34:00,78,414.89,普通用餐
大厅6,4,2026-08-11,12:04:00,13:17:00,73,399.81,普通用餐
大厅6,4,2026-08-11,13:08:00,14:23:00,75,332.32,普通用餐
大厅6,4,2026-08-11,17:25:00,18:39:00,74,319.19,普通用餐
大厅6,4,2026-08-11,18:25:00,19:59:00,94,629.98,普通用餐
大厅6,4,2026-08-11,19:13:00,20:25:00,72,442.65,普通用餐
大厅4,4,2026-08-11,12:56:00,14:10:00,74,328.88,普通用餐
大厅4,4,2026-08-11,17:14:00,18:32:00,78,285.58,普通用餐
大厅4,4,2026-08-11,18:21:00,20:01:00,100,570.97,普通用餐
大厅4,4,2026-08-11,19:08:00,20:21:00,73,357.27,普通用餐
大厅4,4,2026-08-11,20:07:00,21:15:00,68,480.77,普通用餐
大包间2,16,2026-08-11,12:05:00,13:21:00,76,1838.73,普通用餐
大包间2,16,2026-08-11,17:19:00,18:33:00,74,1810.0,普通用餐
大包间2,16,2026-08-11,18:28:00,20:10:00,102,1692.5,家庭聚餐
大包间2,16,2026-08-11,19:04:00,20:08:00,64,1963.67,普通用餐
大包间2,16,2026-08-11,20:01:00,21:06:00,65,1573.53,普通用餐
小包间B,8,2026-08-11,11:16:00,12:33:00,77,833.35,家庭聚餐
小包间B,8,2026-08-11,12:11:00,13:17:00,66,920.82,普通用餐
小包间B,8,2026-08-11,18:23:00,20:01:00,98,737.42,普通用餐
小包间B,8,2026-08-11,19:15:00,20:29:00,74,953.44,普通用餐
小包间B,8,2026-08-11,19:58:00,21:03:00,65,694.84,普通用餐
大厅1,4,2026-08-11,12:00:00,13:13:00,73,301.32,普通用餐
大厅1,4,2026-08-11,17:23:00,18:42:00,79,393.95,普通用餐
大厅1,4,2026-08-11,19:07:00,20:27:00,80,296.98,普通用餐
大厅1,4,2026-08-11,19:57:00,21:07:00,70,397.76,普通用餐
大厅3,4,2026-08-11,11:03:00,12:13:00,70,380.34,普通用餐
大厅3,4,2026-08-11,13:05:00,14:25:00,80,348.24,普通用餐
大厅3,4,2026-08-11,17:12:00,18:26:00,74,401.88,普通用餐
大厅3,4,2026-08-11,18:17:00,19:55:00,98,659.38,普通用餐
大厅3,4,2026-08-12,11:59:00,13:09:00,70,422.84,普通用餐
大厅3,4,2026-08-12,12:59:00,14:15:00,76,395.19,普通用餐
大厅3,4,2026-08-12,17:26:00,18:35:00,69,460.36,普通用餐
大厅3,4,2026-08-12,18:24:00,19:56:00,92,618.2,普通用餐
大厅3,4,2026-08-12,19:14:00,20:25:00,71,397.87,普通用餐
大包间2,16,2026-08-12,12:06:00,13:24:00,78,1909.01,普通用餐
大包间2,16,2026-08-12,17:19:00,18:27:00,68,2030.82,普通用餐
大包间2,16,2026-08-12,18:28:00,20:02:00,94,1394.23,家庭聚餐
大包间2,16,2026-08-12,19:13:00,20:20:00,67,1297.43,普通用餐
大包间2,16,2026-08-12,20:00:00,21:07:00,67,1585.3,普通用餐
大包间1,12,2026-08-12,12:00:00,13:19:00,79,898.5,家庭聚餐
大包间1,12,2026-08-12,13:07:00,14:13:00,66,1387.2,普通用餐
大包间1,12,2026-08-12,18:18:00,19:54:00,96,1018.87,普通用餐
大厅6,4,2026-08-12,12:08:00,13:18:00,70,330.07,普通用餐
大厅6,4,2026-08-12,17:27:00,18:37:00,70,487.81,普通用餐
大厅6,4,2026-08-12,18:25:00,19:59:00,94,510.53,普通用餐
大厅6,4,2026-08-12,19:15:00,20:29:00,74,339.04,普通用餐
大厅6,4,2026-08-12,20:11:00,21:19:00,68,425.24,普通用餐
大厅4,4,2026-08-12,11:05:00,12:14:00,69,305.82,普通用餐
大厅4,4,2026-08-12,12:08:00,13:21:00,73,279.13,普通用餐
大厅4,4,2026-08-12,18:24:00,20:01:00,97,516.35,普通用餐
大厅5,4,2026-08-12,17:20:00,18:40:00,80,380.6,普通用餐
大厅5,4,2026-08-12,18:18:00,19:57:00,99,629.92,普通用餐
大厅5,4,2026-08-12,19:02:00,20:17:00,75,305.33,普通用餐
大厅5,4,2026-08-12,20:12:00,21:31:00,79,501.24,普通用餐
大厅7,4,2026-08-12,11:11:00,12:20:00,69,409.91,普通用餐
大厅7,4,2026-08-12,17:26:00,18:32:00,66,445.5,普通用餐
大厅7,4,2026-08-12,18:13:00,19:52:00,99,474.96,普通用餐
小包间B,8,2026-08-12,11:15:00,12:28:00,73,884.55,家庭聚餐
小包间B,8,2026-08-12,12:02:00,13:09:00,67,709.27,家庭聚餐
小包间B,8,2026-08-12,13:03:00,14:23:00,80,906.09,普通用餐
小包间B,8,2026-08-12,18:21:00,19:58:00,97,1062.5,家庭聚餐
小包间B,8,2026-08-12,19:18:00,20:36:00,78,889.91,普通用餐
小包间B,8,2026-08-12,20:04:00,21:24:00,80,607.17,普通用餐
小包间C,8,2026-08-12,18:19:00,19:55:00,96,1060.67,普通用餐
小包间C,8,2026-08-12,19:03:00,20:20:00,77,578.69,家庭聚餐
小包间D,8,2026-08-12,11:02:00,12:18:00,76,936.5,家庭聚餐
小包间D,8,2026-08-12,12:13:00,13:31:00,78,835.39,家庭聚餐
小包间D,8,2026-08-12,13:04:00,14:08:00,64,945.76,家庭聚餐
小包间D,8,2026-08-12,17:12:00,18:19:00,67,556.47,普通用餐
小包间D,8,2026-08-12,18:20:00,20:00:00,100,1152.83,家庭聚餐
小包间D,8,2026-08-12,19:03:00,20:14:00,71,676.99,家庭聚餐
小包间D,8,2026-08-12,20:08:00,21:14:00,66,672.94,普通用餐
大厅8,4,2026-08-12,11:09:00,12:14:00,65,506.41,普通用餐
大厅8,4,2026-08-12,12:58:00,14:15:00,77,326.68,普通用餐
大厅8,4,2026-08-12,17:19:00,18:26:00,67,318.01,普通用餐
大厅8,4,2026-08-12,18:26:00,20:08:00,102,687.09,普通用餐
大厅1,4,2026-08-12,11:14:00,12:25:00,71,340.13,普通用餐
大厅1,4,2026-08-12,12:58:00,14:05:00,67,328.25,普通用餐
大厅1,4,2026-08-12,17:12:00,18:27:00,75,328.56,普通用餐
大厅1,4,2026-08-12,18:19:00,19:56:00,97,519.88,普通用餐
小包间A,8,2026-08-12,11:08:00,12:25:00,77,752.12,普通用餐
小包间A,8,2026-08-12,12:58:00,14:12:00,74,984.98,普通用餐
小包间A,8,2026-08-12,17:18:00,18:30:00,72,627.27,普通用餐
小包间A,8,2026-08-12,18:17:00,19:53:00,96,1000.87,普通用餐
小包间A,8,2026-08-12,19:11:00,20:17:00,66,963.26,家庭聚餐
小包间A,8,2026-08-12,19:59:00,21:13:00,74,598.54,普通用餐
大厅2,4,2026-08-12,11:08:00,12:23:00,75,463.4,普通用餐
大厅2,4,2026-08-12,18:14:00,19:47:00,93,468.84,普通用餐
大厅2,4,2026-08-12,19:07:00,20:26:00,79,282.1,普通用餐
小包间B,8,2026-08-13,11:14:00,12:22:00,68,739.19,普通用餐
小包间B,8,2026-08-13,12:58:00,14:10:00,72,807.37,普通用餐
小包间B,8,2026-08-13,17:16:00,18:34:00,78,873.96,家庭聚餐
小包间B,8,2026-08-13,19:02:00,20:21:00,79,846.95,普通用餐
小包间B,8,2026-08-13,20:08:00,21:18:00,70,665.74,普通用餐
小包间A,8,2026-08-13,11:08:00,12:26:00,78,763.58,普通用餐
小包间A,8,2026-08-13,12:04:00,13:17:00,73,871.29,普通用餐
小包间A,8,2026-08-13,13:07:00,14:14:00,67,686.41,普通用餐
小包间A,8,2026-08-13,17:16:00,18:30:00,74,875.06,普通用餐
小包间A,8,2026-08-13,18:21:00,20:02:00,101,1129.61,普通用餐
小包间A,8,2026-08-13,19:02:00,20:06:00,64,729.17,家庭聚餐
小包间C,8,2026-08-13,12:09:00,13:28:00,79,899.98,家庭聚餐
小包间C,8,2026-08-13,18:12:00,19:54:00,102,746.26,普通用餐
小包间D,8,2026-08-13,11:14:00,12:25:00,71,828.94,普通用餐
小包间D,8,2026-08-13,11:58:00,13:13:00,75,660.43,家庭聚餐
小包间D,8,2026-08-13,12:57:00,14:13:00,76,971.53,普通用餐
小包间D,8,2026-08-13,17:19:00,18:25:00,66,579.59,家庭聚餐
小包间D,8,2026-08-13,18:25:00,19:59:00,94,1053.21,普通用餐
小包间D,8,2026-08-13,19:10:00,20:19:00,69,958.05,家庭聚餐
小包间D,8,2026-08-13,19:59:00,21:16:00,77,882.32,普通用餐
大包间2,16,2026-08-13,11:57:00,13:06:00,69,1156.39,普通用餐
大包间2,16,2026-08-13,12:52:00,13:59:00,67,1517.16,家庭聚餐
大包间2,16,2026-08-13,20:05:00,21:19:00,74,1100.08,家庭聚餐
大厅8,4,2026-08-13,11:06:00,12:18:00,72,464.48,普通用餐
大厅8,4,2026-08-13,12:04:00,13:21:00,77,422.54,普通用餐
大厅8,4,2026-08-13,17:22:00,18:40:00,78,392.08,普通用餐
大厅8,4,2026-08-13,18:14:00,19:56:00,102,617.16,普通用餐
大厅8,4,2026-08-13,19:17:00,20:24:00,67,383.05,普通用餐
大厅4,4,2026-08-13,11:08:00,12:19:00,71,502.15,普通用餐
大厅4,4,2026-08-13,12:12:00,13:30:00,78,372.32,普通用餐
大厅4,4,2026-08-13,13:06:00,14:14:00,68,476.83,普通用餐
大厅4,4,2026-08-13,17:13:00,18:19:00,66,424.07,普通用餐
大厅4,4,2026-08-13,18:19:00,19:56:00,97,518.16,普通用餐
大厅4,4,2026-08-13,19:05:00,20:11:00,66,473.8,普通用餐
大厅4,4,2026-08-13,20:04:00,21:24:00,80,320.49,普通用餐
大厅5,4,2026-08-13,17:21:00,18:25:00,64,447.05,普通用餐
大厅5,4,2026-08-13,18:21:00,20:03:00,102,506.33,普通用餐
大厅5,4,2026-08-13,19:15:00,20:20:00,65,408.07,普通用餐
大厅3,4,2026-08-13,11:13:00,12:25:00,72,468.06,普通用餐
大厅3,4,2026-08-13,17:19:00,18:33:00,74,329.35,普通用餐
大厅3,4,2026-08-13,18:14:00,19:48:00,94,608.45,普通用餐
大厅3,4,2026-08-13,19:08:00,20:22:00,74,306.37,普通用餐
大包间1,12,2026-08-13,20:03:00,21:22:00,79,1248.63,普通用餐
大厅1,4,2026-08-13,17:12:00,18:28:00,76,305.66,普通用餐
大厅1,4,2026-08-13,18:14:00,19:53:00,99,567.74,普通用餐
大厅1,4,2026-08-13,20:09:00,21:29:00,80,378.59,普通用餐
大厅7,4,2026-08-14,11:59:00,13:09:00,70,396.92,普通用餐
大厅7,4,2026-08-14,18:19:00,19:59:00,100,690.27,普通用餐
小包间D,8,2026-08-14,11:08:00,12:27:00,79,735.34,家庭聚餐
小包间D,8,2026-08-14,12:02:00,13:16:00,74,1023.22,家庭聚餐
小包间D,8,2026-08-14,18:18:00,19:54:00,96,1066.8,普通用餐
小包间D,8,2026-08-14,19:03:00,20:21:00,78,805.76,普通用餐
小包间D,8,2026-08-14,20:06:00,21:14:00,68,923.94,普通用餐
大厅2,4,2026-08-14,12:53:00,13:59:00,66,410.99,普通用餐
大厅2,4,2026-08-14,18:19:00,19:58:00,99,569.86,普通用餐
大厅2,4,2026-08-14,19:07:00,20:14:00,67,394.35,普通用餐
大厅2,4,2026-08-14,20:09:00,21:20:00,71,382.37,普通用餐
大包间1,12,2026-08-14,11:09:00,12:28:00,79,1267.54,普通用餐
大包间1,12,2026-08-14,13:07:00,14:24:00,77,1435.13,普通用餐
大包间1,12,2026-08-14,18:25:00,19:57:00,92,1168.89,普通用餐
小包间C,8,2026-08-14,12:54:00,14:05:00,71,565.15,家庭聚餐
小包间C,8,2026-08-14,17:27:00,18:35:00,68,810.64,普通用餐
小包间C,8,2026-08-14,18:22:00,19:59:00,97,998.42,普通用餐
小包间C,8,2026-08-14,19:10:00,20:17:00,67,576.94,家庭聚餐
大包间2,16,2026-08-14,13:08:00,14:12:00,64,1998.85,家庭聚餐
大包间2,16,2026-08-14,17:26:00,18:40:00,74,1512.13,家庭聚餐
大包间2,16,2026-08-14,18:13:00,19:50:00,97,2041.41,普通用餐
大厅1,4,2026-08-14,13:05:00,14:20:00,75,442.04,普通用餐
大厅1,4,2026-08-14,17:25:00,18:32:00,67,377.88,普通用餐
大厅1,4,2026-08-14,18:20:00,19:54:00,94,560.63,普通用餐
大厅1,4,2026-08-14,19:04:00,20:19:00,75,427.6,普通用餐
大厅5,4,2026-08-14,11:12:00,12:30:00,78,500.19,普通用餐
大厅5,4,2026-08-14,12:03:00,13:22:00,79,344.04,普通用餐
大厅5,4,2026-08-14,13:05:00,14:24:00,79,275.94,普通用餐
大厅5,4,2026-08-14,18:14:00,19:54:00,100,479.73,普通用餐
大厅5,4,2026-08-14,19:12:00,20:32:00,80,471.39,普通用餐
大厅8,4,2026-08-14,11:06:00,12:11:00,65,300.02,普通用餐
大厅8,4,2026-08-14,12:07:00,13:17:00,70,276.45,普通用餐
大厅8,4,2026-08-14,12:55:00,14:05:00,70,458.76,普通用餐
大厅8,4,2026-08-14,18:19:00,19:56:00,97,559.42,普通用餐
大厅8,4,2026-08-14,19:16:00,20:22:00,66,484.64,普通用餐
大厅8,4,2026-08-14,20:11:00,21:23:00,72,343.52,普通用餐
大厅6,4,2026-08-14,11:18:00,12:27:00,69,385.72,普通用餐
大厅6,4,2026-08-14,12:13:00,13:20:00,67,414.6,普通用餐
大厅6,4,2026-08-14,17:21:00,18:36:00,75,462.86,普通用餐
大厅6,4,2026-08-14,18:21:00,19:56:00,95,679.56,普通用餐
大厅6,4,2026-08-14,19:17:00,20:31:00,74,485.36,普通用餐
小包间B,8,2026-08-14,11:57:00,13:04:00,67,855.6,普通用餐
小包间B,8,2026-08-14,17:24:00,18:39:00,75,591.28,家庭聚餐
小包间B,8,2026-08-14,19:10:00,20:17:00,67,964.22,普通用餐
小包间B,8,2026-08-14,20:09:00,21:29:00,80,972.98,普通用餐
大厅7,4,2026-08-15,12:12:00,13:27:00,75,276.63,普通用餐
大厅7,4,2026-08-15,17:17:00,18:27:00,70,293.95,普通用餐
大厅7,4,2026-08-15,18:28:00,20:03:00,95,547.14,普通用餐
大厅7,4,2026-08-15,19:13:00,20:28:00,75,281.96,普通用餐
大厅7,4,2026-08-15,20:07:00,21:16:00,69,360.51,普通用餐
小包间B,8,2026-08-15,11:14:00,12:26:00,72,580.41,普通用餐
小包间B,8,2026-08-15,12:00:00,13:12:00,72,743.73,家庭聚餐
小包间B,8,2026-08-15,13:01:00,14:16:00,75,916.84,普通用餐
小包间B,8,2026-08-15,17:16:00,18:20:00,64,649.08,家庭聚餐
小包间B,8,2026-08-15,18:13:00,19:46:00,93,1084.12,普通用餐
小包间B,8,2026-08-15,19:05:00,20:13:00,68,797.43,普通用餐
大厅5,4,2026-08-15,12:54:00,14:14:00,80,339.35,普通用餐
大厅5,4,2026-08-15,17:27:00,18:45:00,78,470.7,普通用餐
大厅5,4,2026-08-15,18:22:00,20:03:00,101,552.68,普通用餐
大厅5,4,2026-08-15,19:10:00,20:19:00,69,284.66,普通用餐
大厅6,4,2026-08-15,11:58:00,13:06:00,68,317.43,普通用餐
大厅6,4,2026-08-15,17:22:00,18:31:00,69,384.19,普通用餐
大厅6,4,2026-08-15,18:16:00,19:51:00,95,472.43,普通用餐
大厅6,4,2026-08-15,20:05:00,21:20:00,75,286.24,普通用餐
大厅1,4,2026-08-15,11:09:00,12:24:00,75,484.24,普通用餐
大厅1,4,2026-08-15,12:04:00,13:12:00,68,278.61,普通用餐
大厅1,4,2026-08-15,12:55:00,14:06:00,71,406.1,普通用餐
大厅1,4,2026-08-15,18:27:00,20:07:00,100,619.57,普通用餐
大厅1,4,2026-08-15,19:10:00,20:17:00,67,325.57,普通用餐
大厅2,4,2026-08-15,12:09:00,13:24:00,75,276.61,普通用餐
大厅2,4,2026-08-15,17:22:00,18:42:00,80,398.44,普通用餐
大厅2,4,2026-08-15,18:14:00,19:49:00,95,513.19,普通用餐
大厅2,4,2026-08-15,20:00:00,21:05:00,65,303.36,普通用餐
小包间D,8,2026-08-15,11:13:00,12:29:00,76,902.97,普通用餐
小包间D,8,2026-08-15,12:13:00,13:27:00,74,907.45,普通用餐
小包间D,8,2026-08-15,13:02:00,14:19:00,77,845.96,普通用餐
小包间D,8,2026-08-15,18:24:00,19:58:00,94,876.95,家庭聚餐
大厅8,4,2026-08-15,11:11:00,12:15:00,64,364.26,普通用餐
大厅8,4,2026-08-15,17:21:00,18:33:00,72,384.61,普通用餐
大厅8,4,2026-08-15,18:23:00,19:59:00,96,502.41,普通用餐
大厅8,4,2026-08-15,19:02:00,20:16:00,74,471.44,普通用餐
大厅8,4,2026-08-15,19:57:00,21:09:00,72,473.99,普通用餐
大厅3,4,2026-08-15,11:09:00,12:26:00,77,462.39,普通用餐
大厅3,4,2026-08-15,12:08:00,13:12:00,64,466.94,普通用餐
大厅3,4,2026-08-15,12:53:00,14:08:00,75,403.22,普通用餐
大厅3,4,2026-08-15,17:14:00,18:23:00,69,499.25,普通用餐
大厅3,4,2026-08-15,18:22:00,20:01:00,99,484.51,普通用餐
大厅3,4,2026-08-15,19:11:00,20:26:00,75,458.89,普通用餐
大厅3,4,2026-08-15,19:59:00,21:11:00,72,279.04,普通用餐
大厅4,4,2026-08-15,12:58:00,14:18:00,80,414.44,普通用餐
大厅4,4,2026-08-15,17:14:00,18:23:00,69,381.97,普通用餐
大厅4,4,2026-08-15,18:14:00,19:54:00,100,536.39,普通用餐
大厅4,4,2026-08-15,19:14:00,20:23:00,69,286.84,普通用餐
小包间A,8,2026-08-15,17:16:00,18:30:00,74,941.25,家庭聚餐
小包间A,8,2026-08-15,18:12:00,19:54:00,102,761.57,普通用餐
小包间A,8,2026-08-15,19:06:00,20:18:00,72,643.75,家庭聚餐
小包间A,8,2026-08-15,20:07:00,21:16:00,69,924.02,普通用餐
大包间2,16,2026-08-15,13:05:00,14:13:00,68,2034.64,家庭聚餐
大包间2,16,2026-08-15,17:23:00,18:31:00,68,1342.86,普通用餐
大包间2,16,2026-08-15,19:58:00,21:04:00,66,1810.73,普通用餐
大厅7,4,2026-08-16,11:14:00,12:29:00,75,301.83,普通用餐
大厅7,4,2026-08-16,12:07:00,13:25:00,78,283.89,普通用餐
大厅7,4,2026-08-16,12:56:00,14:16:00,80,406.01,普通用餐
大厅7,4,2026-08-16,17:19:00,18:24:00,65,444.36,普通用餐
大厅7,4,2026-08-16,18:25:00,20:04:00,99,504.07,普通用餐
大厅7,4,2026-08-16,19:17:00,20:37:00,80,415.21,普通用餐
大厅3,4,2026-08-16,11:04:00,12:11:00,67,333.08,普通用餐
大厅3,4,2026-08-16,12:04:00,13:11:00,67,451.48,普通用餐
大厅3,4,2026-08-16,17:12:00,18:29:00,77,443.17,普通用餐
大厅3,4,2026-08-16,18:19:00,20:01:00,102,515.45,普通用餐
大厅3,4,2026-08-16,19:13:00,20:23:00,70,437.08,普通用餐
大厅3,4,2026-08-16,20:00:00,21:17:00,77,369.6,普通用餐
大包间2,16,2026-08-16,11:05:00,12:23:00,78,1995.94,家庭聚餐
大包间2,16,2026-08-16,12:04:00,13:15:00,71,1365.42,普通用餐
大包间2,16,2026-08-16,17:17:00,18:33:00,76,1687.53,普通用餐
大包间2,16,2026-08-16,18:26:00,20:04:00,98,1657.36,家庭聚餐
大包间2,16,2026-08-16,19:17:00,20:23:00,66,1190.49,普通用餐
大包间2,16,2026-08-16,20:13:00,21:26:00,73,1174.91,家庭聚餐
大厅1,4,2026-08-16,17:22:00,18:34:00,72,454.42,普通用餐
大厅1,4,2026-08-16,18:25:00,20:05:00,100,662.65,普通用餐
大厅1,4,2026-08-16,19:18:00,20:34:00,76,501.45,普通用餐
小包间B,8,2026-08-16,12:54:00,13:58:00,64,928.1,普通用餐
小包间B,8,2026-08-16,17:28:00,18:36:00,68,848.76,家庭聚餐
小包间B,8,2026-08-16,18:25:00,19:59:00,94,790.59,普通用餐
小包间B,8,2026-08-16,20:00:00,21:15:00,75,770.61,普通用餐
大厅5,4,2026-08-16,12:13:00,13:22:00,69,302.68,普通用餐
大厅5,4,2026-08-16,13:01:00,14:14:00,73,300.42,普通用餐
大厅5,4,2026-08-16,17:24:00,18:33:00,69,273.2,普通用餐
大厅5,4,2026-08-16,18:25:00,20:00:00,95,509.53,普通用餐
大厅5,4,2026-08-16,19:13:00,20:25:00,72,470.03,普通用餐
大厅5,4,2026-08-16,20:04:00,21:16:00,72,409.88,普通用餐
大厅8,4,2026-08-16,11:06:00,12:14:00,68,334.26,普通用餐
大厅8,4,2026-08-16,12:07:00,13:21:00,74,503.23,普通用餐
大厅8,4,2026-08-16,17:12:00,18:22:00,70,369.66,普通用餐
大厅8,4,2026-08-16,18:25:00,20:05:00,100,458.27,普通用餐
大厅8,4,2026-08-16,19:05:00,20:20:00,75,420.88,普通用餐
大厅2,4,2026-08-16,12:10:00,13:26:00,76,394.85,普通用餐
大厅2,4,2026-08-16,13:04:00,14:12:00,68,309.86,普通用餐
大厅2,4,2026-08-16,18:12:00,19:54:00,102,641.36,普通用餐
大厅2,4,2026-08-16,19:18:00,20:26:00,68,369.62,普通用餐
大厅2,4,2026-08-16,20:01:00,21:20:00,79,322.56,普通用餐
小包间A,8,2026-08-16,11:11:00,12:30:00,79,870.82,家庭聚餐
小包间A,8,2026-08-16,12:11:00,13:31:00,80,868.88,普通用餐
小包间A,8,2026-08-16,18:27:00,20:00:00,93,1061.8,家庭聚餐
小包间A,8,2026-08-16,19:12:00,20:26:00,74,1023.8,家庭聚餐
小包间A,8,2026-08-16,20:08:00,21:12:00,64,761.14,普通用餐
大包间1,12,2026-08-16,18:26:00,20:05:00,99,1095.28,普通用餐
大包间1,12,2026-08-16,20:01:00,21:10:00,69,1524.84,普通用餐
小包间D,8,2026-08-16,13:00:00,14:18:00,78,848.08,普通用餐
小包间D,8,2026-08-16,18:21:00,20:00:00,99,937.83,家庭聚餐
大厅1,4,2026-08-17,11:18:00,12:27:00,69,508.76,普通用餐
大厅1,4,2026-08-17,11:59:00,13:19:00,80,437.63,普通用餐
大厅1,4,2026-08-17,12:59:00,14:19:00,80,353.99,普通用餐
大厅1,4,2026-08-17,17:21:00,18:27:00,66,502.05,普通用餐
大厅1,4,2026-08-17,18:24:00,20:06:00,102,592.85,普通用餐
大包间2,16,2026-08-17,11:11:00,12:31:00,80,1817.25,普通用餐
大包间2,16,2026-08-17,12:12:00,13:29:00,77,1163.49,家庭聚餐
大包间2,16,2026-08-17,17:19:00,18:37:00,78,1113.45,普通用餐
大包间2,16,2026-08-17,18:23:00,20:01:00,98,2145.15,家庭聚餐
大厅6,4,2026-08-17,11:09:00,12:21:00,72,468.32,普通用餐
大厅6,4,2026-08-17,12:01:00,13:16:00,75,391.79,普通用餐
大厅6,4,2026-08-17,12:57:00,14:08:00,71,445.94,普通用餐
大厅6,4,2026-08-17,18:20:00,19:55:00,95,562.48,普通用餐
大厅3,4,2026-08-17,11:18:00,12:28:00,70,303.91,普通用餐
大厅3,4,2026-08-17,12:03:00,13:08:00,65,383.52,普通用餐
大厅3,4,2026-08-17,13:00:00,14:05:00,65,398.98,普通用餐
大厅3,4,2026-08-17,17:15:00,18:26:00,71,440.03,普通用餐
大厅3,4,2026-08-17,18:21:00,20:02:00,101,617.56,普通用餐
大厅3,4,2026-08-17,20:12:00,21:29:00,77,290.82,普通用餐
大厅4,4,2026-08-17,12:13:00,13:33:00,80,440.4,普通用餐
大厅4,4,2026-08-17,18:15:00,19:56:00,101,462.8,普通用餐
大厅4,4,2026-08-17,19:12:00,20:26:00,74,385.57,普通用餐
大厅4,4,2026-08-17,20:07:00,21:26:00,79,411.11,普通用餐
小包间D,8,2026-08-17,11:58:00,13:18:00,80,752.88,普通用餐
小包间D,8,2026-08-17,12:59:00,14:17:00,78,713.68,家庭聚餐
小包间D,8,2026-08-17,18:15:00,19:51:00,96,1008.35,普通用餐
小包间D,8,2026-08-17,19:15:00,20:20:00,65,776.01,普通用餐
大厅2,4,2026-08-17,11:11:00,12:28:00,77,404.51,普通用餐
大厅2,4,2026-08-17,11:59:00,13:14:00,75,509.33,普通用餐
大厅2,4,2026-08-17,18:24:00,19:56:00,92,519.8,普通用餐
大厅2,4,2026-08-17,19:12:00,20:19:00,67,382.58,普通用餐
大厅2,4,2026-08-17,20:05:00,21:11:00,66,394.08,普通用餐
小包间A,8,2026-08-17,11:08:00,12:26:00,78,863.24,普通用餐
小包间A,8,2026-08-17,12:07:00,13:15:00,68,635.53,普通用餐
小包间A,8,2026-08-17,12:53:00,13:58:00,65,970.18,家庭聚餐
小包间A,8,2026-08-17,17:21:00,18:28:00,67,885.3,普通用餐
小包间A,8,2026-08-17,18:13:00,19:49:00,96,766.99,普通用餐
大厅5,4,2026-08-17,11:12:00,12:21:00,69,314.32,普通用餐
大厅5,4,2026-08-17,12:06:00,13:25:00,79,393.84,普通用餐
大厅5,4,2026-08-17,13:01:00,14:19:00,78,351.92,普通用餐
大厅5,4,2026-08-17,17:12:00,18:24:00,72,441.93,普通用餐
大厅5,4,2026-08-17,18:21:00,19:59:00,98,662.07,普通用餐
小包间C,8,2026-08-17,11:08:00,12:14:00,66,867.5,普通用餐
小包间C,8,2026-08-17,11:58:00,13:17:00,79,1005.17,普通用餐
小包间C,8,2026-08-17,13:00:00,14:18:00,78,585.21,家庭聚餐
小包间C,8,2026-08-17,17:14:00,18:19:00,65,714.11,普通用餐
小包间C,8,2026-08-17,18:18:00,19:53:00,95,990.76,家庭聚餐
小包间C,8,2026-08-17,19:10:00,20:25:00,75,756.98,普通用餐
小包间C,8,2026-08-17,19:57:00,21:06:00,69,909.68,普通用餐
大厅8,4,2026-08-17,12:57:00,14:04:00,67,335.08,普通用餐
大厅8,4,2026-08-17,18:13:00,19:53:00,100,456.29,普通用餐
大厅8,4,2026-08-17,19:16:00,20:34:00,78,314.49,普通用餐
大厅7,4,2026-08-17,11:18:00,12:35:00,77,413.53,普通用餐
大厅7,4,2026-08-17,12:11:00,13:24:00,73,312.13,普通用餐
大厅7,4,2026-08-17,13:05:00,14:16:00,71,325.17,普通用餐
大厅7,4,2026-08-17,18:25:00,20:07:00,102,558.29,普通用餐
大厅7,4,2026-08-17,19:59:00,21:07:00,68,319.82,普通用餐
大厅2,4,2026-08-18,11:13:00,12:23:00,70,425.69,普通用餐
大厅2,4,2026-08-18,18:13:00,19:47:00,94,485.98,普通用餐
大厅2,4,2026-08-18,20:03:00,21:23:00,80,385.71,普通用餐
大厅5,4,2026-08-18,11:16:00,12:29:00,73,412.72,普通用餐
大厅5,4,2026-08-18,13:01:00,14:19:00,78,362.14,普通用餐
大厅5,4,2026-08-18,18:14:00,19:47:00,93,540.05,普通用餐
大厅5,4,2026-08-18,19:10:00,20:15:00,65,360.69,普通用餐
大厅3,4,2026-08-18,11:09:00,12:17:00,68,473.12,普通用餐
大厅3,4,2026-08-18,12:12:00,13:24:00,72,429.54,普通用餐
大厅3,4,2026-08-18,17:19:00,18:30:00,71,309.18,普通用餐
大厅3,4,2026-08-18,18:12:00,19:47:00,95,489.97,普通用餐
大厅8,4,2026-08-18,11:12:00,12:25:00,73,481.65,普通用餐
大厅8,4,2026-08-18,17:20:00,18:39:00,79,357.8,普通用餐
大厅8,4,2026-08-18,18:23:00,19:58:00,95,543.38,普通用餐
大厅8,4,2026-08-18,20:06:00,21:13:00,67,393.94,普通用餐
大包间1,12,2026-08-18,11:17:00,12:34:00,77,1023.01,普通用餐
大包间1,12,2026-08-18,18:22:00,19:59:00,97,1286.91,普通用餐
小包间D,8,2026-08-18,13:08:00,14:26:00,78,544.04,家庭聚餐
小包间D,8,2026-08-18,18:13:00,19:49:00,96,1191.34,家庭聚餐
小包间D,8,2026-08-18,19:59:00,21:03:00,64,920.44,家庭聚餐
大厅7,4,2026-08-18,12:52:00,14:03:00,71,325.15,普通用餐
大厅7,4,2026-08-18,17:15:00,18:24:00,69,443.85,普通用餐
大厅7,4,2026-08-18,18:18:00,19:52:00,94,627.88,普通用餐
小包间C,8,2026-08-18,11:17:00,12:25:00,68,554.93,普通用餐
小包间C,8,2026-08-18,12:12:00,13:18:00,66,720.5,普通用餐
小包间C,8,2026-08-18,12:59:00,14:18:00,79,890.28,家庭聚餐
小包间C,8,2026-08-18,18:16:00,19:49:00,93,729.5,普通用餐
小包间C,8,2026-08-18,19:17:00,20:31:00,74,774.28,家庭聚餐
小包间C,8,2026-08-18,20:04:00,21:23:00,79,636.35,普通用餐
小包间A,8,2026-08-18,11:09:00,12:15:00,66,744.59,家庭聚餐
小包间A,8,2026-08-18,12:09:00,13:23:00,74,711.45,普通用餐
小包间A,8,2026-08-18,12:55:00,13:59:00,64,943.92,普通用餐
小包间A,8,2026-08-18,17:23:00,18:38:00,75,848.09,普通用餐
小包间A,8,2026-08-18,18:23:00,20:04:00,101,1136.64,家庭聚餐
大厅1,4,2026-08-18,11:18:00,12:34:00,76,439.35,普通用餐
大厅1,4,2026-08-18,13:02:00,14:22:00,80,287.54,普通用餐
大厅1,4,2026-08-18,17:18:00,18:32:00,74,319.83,普通用餐
大厅1,4,2026-08-18,18:17:00,19:53:00,96,682.92,普通用餐
大厅1,4,2026-08-18,19:14:00,20:29:00,75,419.28,普通用餐
大包间2,16,2026-08-18,11:07:00,12:13:00,66,1479.91,家庭聚餐
大包间2,16,2026-08-18,13:02:00,14:17:00,75,2041.23,普通用餐
大包间2,16,2026-08-18,17:15:00,18:22:00,67,1325.07,普通用餐
大包间2,16,2026-08-18,18:27:00,20:08:00,101,1599.7,家庭聚餐
大包间2,16,2026-08-18,19:15:00,20:24:00,69,1264.02,普通用餐
小包间B,8,2026-08-18,11:06:00,12:11:00,65,756.18,家庭聚餐
小包间B,8,2026-08-18,12:08:00,13:16:00,68,712.66,家庭聚餐
小包间B,8,2026-08-18,12:58:00,14:18:00,80,991.78,普通用餐
小包间B,8,2026-08-18,18:16:00,19:57:00,101,871.27,家庭聚餐
小包间B,8,2026-08-18,19:58:00,21:07:00,69,583.69,普通用餐
大厅6,4,2026-08-18,11:09:00,12:13:00,64,490.29,普通用餐
大厅6,4,2026-08-18,13:01:00,14:14:00,73,313.26,普通用餐
大厅6,4,2026-08-18,18:13:00,19:54:00,101,523.27,普通用餐
大厅6,4,2026-08-18,19:05:00,20:14:00,69,387.91,普通用餐
大厅6,4,2026-08-18,20:06:00,21:10:00,64,351.31,普通用餐
大厅4,4,2026-08-18,12:11:00,13:20:00,69,424.61,普通用餐
大厅4,4,2026-08-18,13:00:00,14:17:00,77,505.24,普通用餐
大厅4,4,2026-08-18,17:22:00,18:28:00,66,395.89,普通用餐
大厅4,4,2026-08-18,18:15:00,19:51:00,96,513.31,普通用餐
大厅4,4,2026-08-18,20:01:00,21:07:00,66,373.1,普通用餐
大厅4,4,2026-08-19,11:12:00,12:28:00,76,393.66,普通用餐
大厅4,4,2026-08-19,12:58:00,14:17:00,79,434.48,普通用餐
大厅4,4,2026-08-19,17:12:00,18:30:00,78,360.84,普通用餐
大厅4,4,2026-08-19,18:28:00,20:03:00,95,679.47,普通用餐
大厅8,4,2026-08-19,11:11:00,12:26:00,75,285.61,普通用餐
大厅8,4,2026-08-19,12:06:00,13:26:00,80,408.64,普通用餐
大厅8,4,2026-08-19,12:53:00,14:13:00,80,436.39,普通用餐
大厅8,4,2026-08-19,17:16:00,18:33:00,77,488.07,普通用餐
大厅8,4,2026-08-19,18:20:00,19:54:00,94,575.27,普通用餐
大厅2,4,2026-08-19,18:14:00,19:47:00,93,552.06,普通用餐
大厅2,4,2026-08-19,20:13:00,21:19:00,66,324.25,普通用餐
小包间A,8,2026-08-19,11:14:00,12:31:00,77,909.81,家庭聚餐
小包间A,8,2026-08-19,12:11:00,13:29:00,78,553.77,普通用餐
小包间A,8,2026-08-19,13:01:00,14:09:00,68,955.87,家庭聚餐
小包间A,8,2026-08-19,17:24:00,18:34:00,70,794.94,普通用餐
小包间A,8,2026-08-19,19:14:00,20:25:00,71,649.52,家庭聚餐
大厅5,4,2026-08-19,12:13:00,13:25:00,72,362.67,普通用餐
大厅5,4,2026-08-19,13:02:00,14:06:00,64,435.48,普通用餐
大厅5,4,2026-08-19,17:16:00,18:28:00,72,360.35,普通用餐
大厅5,4,2026-08-19,18:26:00,20:02:00,96,566.47,普通用餐
大厅5,4,2026-08-19,19:08:00,20:26:00,78,371.29,普通用餐
小包间D,8,2026-08-19,12:05:00,13:16:00,71,784.06,普通用餐
小包间D,8,2026-08-19,13:00:00,14:19:00,79,818.4,家庭聚餐
小包间D,8,2026-08-19,17:27:00,18:34:00,67,763.37,家庭聚餐
小包间D,8,2026-08-19,18:12:00,19:48:00,96,1143.87,普通用餐
小包间D,8,2026-08-19,20:07:00,21:25:00,78,948.96,普通用餐
大厅7,4,2026-08-19,13:07:00,14:12:00,65,304.13,普通用餐
大厅7,4,2026-08-19,18:28:00,20:00:00,92,682.44,普通用餐
大厅7,4,2026-08-19,19:07:00,20:13:00,66,357.95,普通用餐
大厅7,4,2026-08-19,20:02:00,21:07:00,65,448.9,普通用餐
小包间B,8,2026-08-19,13:02:00,14:21:00,79,966.43,家庭聚餐
小包间B,8,2026-08-19,17:15:00,18:33:00,78,752.25,普通用餐
小包间B,8,2026-08-19,18:21:00,19:53:00,92,923.44,普通用餐
小包间B,8,2026-08-19,20:08:00,21:16:00,68,804.55,家庭聚餐
大厅6,4,2026-08-19,17:25:00,18:30:00,65,406.73,普通用餐
大厅6,4,2026-08-19,18:16:00,19:53:00,97,476.72,普通用餐
大厅6,4,2026-08-19,19:08:00,20:23:00,75,472.57,普通用餐
大厅1,4,2026-08-19,18:27:00,20:00:00,93,487.61,普通用餐
大厅1,4,2026-08-19,20:07:00,21:17:00,70,380.11,普通用餐
大厅2,4,2026-08-20,11:07:00,12:24:00,77,337.01,普通用餐
大厅2,4,2026-08-20,18:24:00,20:03:00,99,547.62,普通用餐
大厅2,4,2026-08-20,20:05:00,21:21:00,76,364.43,普通用餐
小包间C,8,2026-08-20,12:03:00,13:15:00,72,973.61,普通用餐
小包间C,8,2026-08-20,18:17:00,19:53:00,96,839.58,普通用餐
小包间C,8,2026-08-20,19:58:00,21:17:00,79,1002.89,家庭聚餐
小包间A,8,2026-08-20,11:13:00,12:28:00,75,872.2,家庭聚餐
小包间A,8,2026-08-20,13:04:00,14:10:00,66,988.37,普通用餐
小包间A,8,2026-08-20,18:25:00,20:02:00,97,1101.88,普通用餐
小包间A,8,2026-08-20,20:05:00,21:14:00,69,730.39,家庭聚餐
小包间D,8,2026-08-20,11:05:00,12:10:00,65,1020.87,普通用餐
小包间D,8,2026-08-20,13:07:00,14:18:00,71,802.03,普通用餐
小包间D,8,2026-08-20,17:23:00,18:41:00,78,560.72,普通用餐
小包间D,8,2026-08-20,18:17:00,19:53:00,96,832.81,普通用餐
小包间D,8,2026-08-20,19:14:00,20:31:00,77,830.31,普通用餐
小包间D,8,2026-08-20,20:07:00,21:27:00,80,968.77,家庭聚餐
大厅3,4,2026-08-20,11:05:00,12:20:00,75,293.8,普通用餐
大厅3,4,2026-08-20,12:06:00,13:26:00,80,345.33,普通用餐
大厅3,4,2026-08-20,17:13:00,18:33:00,80,343.0,普通用餐
大厅3,4,2026-08-20,19:09:00,20:28:00,79,304.49,普通用餐
大厅5,4,2026-08-20,12:09:00,13:29:00,80,297.37,普通用餐
大厅5,4,2026-08-20,17:25:00,18:42:00,77,314.0,普通用餐
大厅5,4,2026-08-20,18:27:00,20:08:00,101,552.4,普通用餐
大厅5,4,2026-08-20,19:08:00,20:25:00,77,283.27,普通用餐
大厅5,4,2026-08-20,20:06:00,21:22:00,76,493.04,普通用餐
大厅6,4,2026-08-20,12:13:00,13:32:00,79,435.37,普通用餐
大厅6,4,2026-08-20,12:57:00,14:01:00,64,511.12,普通用餐
大厅6,4,2026-08-20,17:23:00,18:36:00,73,463.56,普通用餐
大厅6,4,2026-08-20,18:18:00,19:51:00,93,608.4,普通用餐
大厅6,4,2026-08-20,19:59:00,21:05:00,66,442.6,普通用餐
大厅7,4,2026-08-20,12:03:00,13:10:00,67,380.13,普通用餐
大厅7,4,2026-08-20,12:56:00,14:05:00,69,398.88,普通用餐
大厅7,4,2026-08-20,18:16:00,19:58:00,102,685.3,普通用餐
大厅7,4,2026-08-20,19:13:00,20:17:00,64,460.92,普通用餐
大厅7,4,2026-08-20,20:01:00,21:05:00,64,278.0,普通用餐
大包间1,12,2026-08-20,11:17:00,12:36:00,79,904.63,普通用餐
大包间1,12,2026-08-20,12:08:00,13:20:00,72,1385.35,家庭聚餐
大包间1,12,2026-08-20,13:08:00,14:12:00,64,1506.33,普通用餐
大包间1,12,2026-08-20,18:24:00,19:56:00,92,1146.76,普通用餐
大包间1,12,2026-08-20,20:04:00,21:08:00,64,943.73,家庭聚餐
小包间B,8,2026-08-20,17:22:00,18:37:00,75,877.02,普通用餐
小包间B,8,2026-08-20,18:20:00,19:58:00,98,955.24,家庭聚餐
小包间B,8,2026-08-20,19:12:00,20:31:00,79,671.34,家庭聚餐
大厅4,4,2026-08-20,11:04:00,12:24:00,80,377.47,普通用餐
大厅4,4,2026-08-20,12:55:00,13:59:00,64,510.2,普通用餐
大厅4,4,2026-08-20,17:27:00,18:42:00,75,508.97,普通用餐
大厅4,4,2026-08-20,18:12:00,19:54:00,102,492.38,普通用餐
大厅4,4,2026-08-20,19:17:00,20:22:00,65,486.14,普通用餐
大厅1,4,2026-08-21,11:14:00,12:31:00,77,439.25,普通用餐
大厅1,4,2026-08-21,12:03:00,13:11:00,68,397.46,普通用餐
大厅1,4,2026-08-21,18:20:00,19:57:00,97,556.22,普通用餐
大厅1,4,2026-08-21,19:11:00,20:24:00,73,432.08,普通用餐
大厅8,4,2026-08-21,18:19:00,19:56:00,97,562.87,普通用餐
大厅8,4,2026-08-21,19:03:00,20:15:00,72,304.79,普通用餐
小包间B,8,2026-08-21,11:06:00,12:15:00,69,898.73,家庭聚餐
小包间B,8,2026-08-21,13:03:00,14:16:00,73,927.05,普通用餐
小包间B,8,2026-08-21,17:21:00,18:28:00,67,700.2,家庭聚餐
小包间B,8,2026-08-21,18:16:00,19:53:00,97,753.16,普通用餐
小包间B,8,2026-08-21,20:00:00,21:11:00,71,775.48,家庭聚餐
小包间A,8,2026-08-21,11:04:00,12:23:00,79,871.12,家庭聚餐
小包间A,8,2026-08-21,12:07:00,13:14:00,67,697.21,家庭聚餐
小包间A,8,2026-08-21,12:57:00,14:15:00,78,646.62,普通用餐
小包间A,8,2026-08-21,17:14:00,18:20:00,66,839.53,普通用餐
小包间A,8,2026-08-21,18:20:00,19:55:00,95,891.3,普通用餐
小包间A,8,2026-08-21,20:07:00,21:17:00,70,949.81,家庭聚餐
大厅5,4,2026-08-21,13:08:00,14:15:00,67,276.89,普通用餐
大厅5,4,2026-08-21,17:19:00,18:37:00,78,452.19,普通用餐
大厅5,4,2026-08-21,18:26:00,20:08:00,102,672.55,普通用餐
大厅5,4,2026-08-21,19:09:00,20:13:00,64,377.23,普通用餐
大厅5,4,2026-08-21,19:57:00,21:03:00,66,316.15,普通用餐
大厅4,4,2026-08-21,11:06:00,12:21:00,75,430.35,普通用餐
大厅4,4,2026-08-21,12:11:00,13:23:00,72,482.24,普通用餐
大厅4,4,2026-08-21,13:07:00,14:18:00,71,421.05,普通用餐
大厅4,4,2026-08-21,17:24:00,18:31:00,67,371.6,普通用餐
大厅4,4,2026-08-21,18:14:00,19:47:00,93,532.68,普通用餐
大厅4,4,2026-08-21,19:07:00,20:23:00,76,277.72,普通用餐
大厅4,4,2026-08-21,20:05:00,21:15:00,70,451.84,普通用餐
小包间C,8,2026-08-21,12:04:00,13:12:00,68,670.77,家庭聚餐
小包间C,8,2026-08-21,17:27:00,18:40:00,73,595.21,家庭聚餐
小包间C,8,2026-08-21,18:24:00,19:57:00,93,875.55,普通用餐
小包间C,8,2026-08-21,20:04:00,21:08:00,64,641.51,家庭聚餐
大包间2,16,2026-08-21,11:12:00,12:24:00,72,1313.5,家庭聚餐
大包间2,16,2026-08-21,18:14:00,19:50:00,96,1728.52,普通用餐
大包间2,16,2026-08-21,19:10:00,20:29:00,79,1308.82,普通用餐
小包间D,8,2026-08-21,17:23:00,18:36:00,73,752.22,普通用餐
小包间D,8,2026-08-21,18:19:00,20:00:00,101,740.35,普通用餐
小包间D,8,2026-08-21,20:12:00,21:16:00,64,557.77,家庭聚餐
大厅6,4,2026-08-21,11:17:00,12:30:00,73,501.07,普通用餐
大厅6,4,2026-08-21,13:02:00,14:16:00,74,424.85,普通用餐
大厅6,4,2026-08-21,17:17:00,18:30:00,73,498.77,普通用餐
大厅6,4,2026-08-21,18:12:00,19:45:00,93,524.37,普通用餐
大厅6,4,2026-08-21,20:02:00,21:17:00,75,455.49,普通用餐
大厅2,4,2026-08-21,12:13:00,13:32:00,79,454.51,普通用餐
大厅2,4,2026-08-21,12:53:00,14:07:00,74,439.4,普通用餐
大厅2,4,2026-08-21,18:24:00,19:56:00,92,467.8,普通用餐
大厅7,4,2026-08-21,11:11:00,12:24:00,73,501.91,普通用餐
大厅7,4,2026-08-21,18:26:00,20:04:00,98,549.23,普通用餐
大厅7,4,2026-08-21,19:17:00,20:37:00,80,503.53,普通用餐
大厅3,4,2026-08-21,11:16:00,12:28:00,72,498.37,普通用餐
大厅3,4,2026-08-21,18:24:00,19:56:00,92,668.69,普通用餐
大厅3,4,2026-08-21,19:11:00,20:25:00,74,487.41,普通用餐
大包间1,12,2026-08-22,18:24:00,19:58:00,94,1556.11,家庭聚餐
大厅8,4,2026-08-22,17:24:00,18:40:00,76,436.28,普通用餐
大厅8,4,2026-08-22,18:25:00,19:58:00,93,608.04,普通用餐
大厅8,4,2026-08-22,20:08:00,21:15:00,67,379.2,普通用餐
大厅7,4,2026-08-22,11:11:00,12:17:00,66,503.73,普通用餐
大厅7,4,2026-08-22,11:57:00,13:13:00,76,402.73,普通用餐
大厅7,4,2026-08-22,12:54:00,14:07:00,73,369.32,普通用餐
大厅7,4,2026-08-22,17:27:00,18:36:00,69,401.39,普通用餐
大厅7,4,2026-08-22,18:17:00,19:50:00,93,564.15,普通用餐
大厅7,4,2026-08-22,20:10:00,21:23:00,73,402.72,普通用餐
小包间B,8,2026-08-22,11:58:00,13:07:00,69,670.62,家庭聚餐
小包间B,8,2026-08-22,18:17:00,19:49:00,92,1195.89,普通用餐
小包间B,8,2026-08-22,19:16:00,20:25:00,69,962.46,普通用餐
小包间B,8,2026-08-22,20:08:00,21:28:00,80,964.47,家庭聚餐
大厅3,4,2026-08-22,18:26:00,20:03:00,97,548.21,普通用餐
大厅3,4,2026-08-22,19:07:00,20:13:00,66,448.94,普通用餐
大厅6,4,2026-08-22,11:06:00,12:17:00,71,273.77,普通用餐
大厅6,4,2026-08-22,18:12:00,19:54:00,102,469.05,普通用餐
大厅6,4,2026-08-22,19:13:00,20:21:00,68,502.81,普通用餐
大包间2,16,2026-08-22,13:04:00,14:20:00,76,1437.6,普通用餐
大包间2,16,2026-08-22,17:17:00,18:32:00,75,1591.44,普通用餐
大包间2,16,2026-08-22,18:15:00,19:53:00,98,1745.19,普通用餐
大包间2,16,2026-08-22,19:07:00,20:18:00,71,1365.17,家庭聚餐
大厅1,4,2026-08-22,17:20:00,18:31:00,71,392.46,普通用餐
大厅1,4,2026-08-22,18:13:00,19:54:00,101,557.13,普通用餐
大厅1,4,2026-08-22,19:02:00,20:18:00,76,291.55,普通用餐
小包间C,8,2026-08-22,13:04:00,14:11:00,67,879.21,家庭聚餐
小包间C,8,2026-08-22,17:25:00,18:29:00,64,797.88,普通用餐
小包间C,8,2026-08-22,18:20:00,19:55:00,95,1093.36,普通用餐
大厅4,4,2026-08-22,11:14:00,12:26:00,72,373.5,普通用餐
大厅4,4,2026-08-22,12:11:00,13:31:00,80,289.67,普通用餐
大厅4,4,2026-08-22,13:01:00,14:07:00,66,374.97,普通用餐
大厅4,4,2026-08-22,18:26:00,20:02:00,96,602.83,普通用餐
大厅4,4,2026-08-22,20:09:00,21:22:00,73,373.19,普通用餐
小包间A,8,2026-08-22,11:02:00,12:08:00,66,668.56,普通用餐
小包间A,8,2026-08-22,18:23:00,20:03:00,100,944.38,家庭聚餐
小包间A,8,2026-08-22,20:00:00,21:06:00,66,919.97,普通用餐
小包间D,8,2026-08-22,11:09:00,12:29:00,80,931.77,普通用餐
小包间D,8,2026-08-22,12:03:00,13:15:00,72,934.19,普通用餐
小包间D,8,2026-08-22,18:12:00,19:48:00,96,997.69,普通用餐
小包间D,8,2026-08-22,19:03:00,20:22:00,79,610.34,家庭聚餐
大厅5,4,2026-08-22,11:07:00,12:27:00,80,368.78,普通用餐
大厅5,4,2026-08-22,12:08:00,13:19:00,71,418.34,普通用餐
大厅5,4,2026-08-22,12:54:00,14:04:00,70,457.1,普通用餐
大厅5,4,2026-08-22,17:23:00,18:38:00,75,298.99,普通用餐
大厅5,4,2026-08-22,19:05:00,20:21:00,76,431.29,普通用餐
小包间D,8,2026-08-23,12:02:00,13:21:00,79,702.29,家庭聚餐
小包间D,8,2026-08-23,12:55:00,14:05:00,70,783.17,普通用餐
小包间D,8,2026-08-23,17:12:00,18:28:00,76,768.36,家庭聚餐
小包间D,8,2026-08-23,18:26:00,20:04:00,98,1102.58,家庭聚餐
小包间D,8,2026-08-23,19:14:00,20:27:00,73,1017.12,家庭聚餐
小包间D,8,2026-08-23,19:57:00,21:07:00,70,843.14,普通用餐
大厅5,4,2026-08-23,11:06:00,12:10:00,64,384.02,普通用餐
大厅5,4,2026-08-23,17:23:00,18:42:00,79,399.92,普通用餐
大厅5,4,2026-08-23,18:13:00,19:52:00,99,591.85,普通用餐
大厅5,4,2026-08-23,19:57:00,21:14:00,77,447.92,普通用餐
大厅7,4,2026-08-23,12:07:00,13:22:00,75,503.13,普通用餐
大厅7,4,2026-08-23,18:20:00,19:54:00,94,567.83,普通用餐
大厅7,4,2026-08-23,19:07:00,20:21:00,74,509.47,普通用餐
小包间C,8,2026-08-23,11:02:00,12:10:00,68,796.43,家庭聚餐
小包间C,8,2026-08-23,12:05:00,13:23:00,78,550.71,家庭聚餐
小包间C,8,2026-08-23,19:16:00,20:25:00,69,775.47,普通用餐
小包间C,8,2026-08-23,19:57:00,21:11:00,74,977.18,家庭聚餐
大包间1,12,2026-08-23,11:05:00,12:22:00,77,1243.58,普通用餐
大包间1,12,2026-08-23,12:07:00,13:15:00,68,1262.23,普通用餐
大包间1,12,2026-08-23,17:26:00,18:36:00,70,1273.19,普通用餐
大包间1,12,2026-08-23,18:18:00,19:55:00,97,1510.01,家庭聚餐
大包间1,12,2026-08-23,19:04:00,20:21:00,77,873.76,普通用餐
大包间1,12,2026-08-23,19:57:00,21:13:00,76,869.71,普通用餐
大厅1,4,2026-08-23,12:58:00,14:08:00,70,317.22,普通用餐
大厅1,4,2026-08-23,17:27:00,18:38:00,71,505.46,普通用餐
大厅1,4,2026-08-23,18:13:00,19:53:00,100,460.25,普通用餐
大厅1,4,2026-08-23,19:02:00,20:06:00,64,429.86,普通用餐
大厅1,4,2026-08-23,20:04:00,21:24:00,80,369.55,普通用餐
大厅8,4,2026-08-23,12:54:00,14:12:00,78,442.04,普通用餐
大厅8,4,2026-08-23,17:28:00,18:44:00,76,371.85,普通用餐
大厅8,4,2026-08-23,18:24:00,19:58:00,94,487.55,普通用餐
大厅8,4,2026-08-23,19:18:00,20:26:00,68,507.5,普通用餐
大厅8,4,2026-08-23,20:08:00,21:16:00,68,316.42,普通用餐
大厅2,4,2026-08-23,11:07:00,12:23:00,76,372.4,普通用餐
大厅2,4,2026-08-23,12:02:00,13:17:00,75,329.48,普通用餐
大厅2,4,2026-08-23,18:28:00,20:05:00,97,488.42,普通用餐
大厅2,4,2026-08-23,19:14:00,20:30:00,76,399.35,普通用餐
大厅2,4,2026-08-23,20:08:00,21:25:00,77,391.77,普通用餐
小包间A,8,2026-08-23,11:05:00,12:21:00,76,649.25,普通用餐
小包间A,8,2026-08-23,12:03:00,13:07:00,64,994.77,家庭聚餐
小包间A,8,2026-08-23,13:07:00,14:13:00,66,833.48,普通用餐
小包间A,8,2026-08-23,18:12:00,19:52:00,100,765.31,家庭聚餐
大厅4,4,2026-08-23,11:05:00,12:17:00,72,325.18,普通用餐
大厅4,4,2026-08-23,17:14:00,18:28:00,74,497.13,普通用餐
大厅4,4,2026-08-23,18:27:00,20:01:00,94,655.65,普通用餐
大厅4,4,2026-08-23,20:13:00,21:32:00,79,365.39,普通用餐
小包间A,8,2026-08-24,11:15:00,12:23:00,68,691.64,家庭聚餐
小包间A,8,2026-08-24,13:00:00,14:08:00,68,654.72,家庭聚餐
小包间A,8,2026-08-24,17:16:00,18:34:00,78,860.62,普通用餐
小包间A,8,2026-08-24,18:28:00,20:01:00,93,847.51,家庭聚餐
小包间D,8,2026-08-24,11:11:00,12:18:00,67,875.32,普通用餐
小包间D,8,2026-08-24,12:56:00,14:07:00,71,669.97,家庭聚餐
小包间D,8,2026-08-24,17:23:00,18:41:00,78,827.91,普通用餐
小包间D,8,2026-08-24,18:12:00,19:53:00,101,882.34,家庭聚餐
大厅4,4,2026-08-24,11:14:00,12:28:00,74,306.8,普通用餐
大厅4,4,2026-08-24,12:00:00,13:18:00,78,374.0,普通用餐
大厅4,4,2026-08-24,13:02:00,14:06:00,64,281.8,普通用餐
大厅4,4,2026-08-24,18:27:00,20:01:00,94,482.86,普通用餐
大厅4,4,2026-08-24,19:58:00,21:13:00,75,374.27,普通用餐
大厅6,4,2026-08-24,11:17:00,12:29:00,72,274.81,普通用餐
大厅6,4,2026-08-24,18:27:00,20:07:00,100,617.96,普通用餐
大厅6,4,2026-08-24,20:06:00,21:19:00,73,351.03,普通用餐
大厅5,4,2026-08-24,12:05:00,13:15:00,70,504.39,普通用餐
大厅5,4,2026-08-24,13:03:00,14:13:00,70,472.86,普通用餐
大厅5,4,2026-08-24,17:13:00,18:17:00,64,350.96,普通用餐
大厅5,4,2026-08-24,18:12:00,19:51:00,99,484.03,普通用餐
小包间C,8,2026-08-24,13:00:00,14:04:00,64,662.18,普通用餐
小包间C,8,2026-08-24,17:22:00,18:33:00,71,652.28,普通用餐
小包间C,8,2026-08-24,18:24:00,20:05:00,101,832.16,家庭聚餐
小包间C,8,2026-08-24,19:03:00,20:23:00,80,979.0,家庭聚餐
小包间C,8,2026-08-24,20:07:00,21:17:00,70,635.3,普通用餐
大厅7,4,2026-08-24,11:08:00,12:23:00,75,395.11,普通用餐
大厅7,4,2026-08-24,12:11:00,13:16:00,65,468.88,普通用餐
大厅7,4,2026-08-24,17:20:00,18:32:00,72,291.42,普通用餐
大厅7,4,2026-08-24,18:22:00,20:00:00,98,598.32,普通用餐
小包间B,8,2026-08-24,11:12:00,12:20:00,68,897.42,普通用餐
小包间B,8,2026-08-24,12:58:00,14:07:00,69,937.92,普通用餐
小包间B,8,2026-08-24,18:21:00,19:54:00,93,766.56,普通用餐
小包间B,8,2026-08-24,19:58:00,21:08:00,70,1011.66,普通用餐
大厅2,4,2026-08-24,12:07:00,13:20:00,73,393.52,普通用餐
大厅2,4,2026-08-24,13:07:00,14:27:00,80,308.6,普通用餐
大厅2,4,2026-08-24,17:23:00,18:43:00,80,466.11,普通用餐
大厅2,4,2026-08-24,18:18:00,19:52:00,94,669.95,普通用餐
大厅2,4,2026-08-24,19:14:00,20:28:00,74,434.74,普通用餐
大厅2,4,2026-08-24,19:58:00,21:02:00,64,432.03,普通用餐
大厅8,4,2026-08-24,12:13:00,13:33:00,80,339.89,普通用餐
大厅8,4,2026-08-24,17:12:00,18:19:00,67,484.78,普通用餐
大厅8,4,2026-08-24,18:12:00,19:51:00,99,615.37,普通用餐
大厅8,4,2026-08-24,19:11:00,20:25:00,74,373.51,普通用餐
大厅8,4,2026-08-24,20:06:00,21:13:00,67,418.21,普通用餐
大厅3,4,2026-08-24,11:17:00,12:26:00,69,293.79,普通用餐
大厅3,4,2026-08-24,17:14:00,18:18:00,64,340.74,普通用餐
大厅3,4,2026-08-24,18:23:00,19:55:00,92,486.96,普通用餐
大厅3,4,2026-08-24,19:09:00,20:19:00,70,344.53,普通用餐
大厅3,4,2026-08-24,20:00:00,21:13:00,73,368.41,普通用餐
大包间1,12,2026-08-24,18:28:00,20:01:00,93,1414.34,普通用餐
大包间1,12,2026-08-24,20:01:00,21:06:00,65,1329.41,普通用餐
大厅4,4,2026-08-25,11:05:00,12:20:00,75,299.58,普通用餐
大厅4,4,2026-08-25,12:53:00,14:10:00,77,365.98,普通用餐
大厅4,4,2026-08-25,17:25:00,18:36:00,71,340.04,普通用餐
大厅4,4,2026-08-25,18:13:00,19:48:00,95,548.42,普通用餐
大厅4,4,2026-08-25,20:13:00,21:29:00,76,440.94,普通用餐
小包间D,8,2026-08-25,11:13:00,12:21:00,68,630.3,普通用餐
小包间D,8,2026-08-25,12:54:00,14:00:00,66,824.45,家庭聚餐
小包间D,8,2026-08-25,17:20:00,18:33:00,73,560.63,普通用餐
小包间D,8,2026-08-25,18:23:00,20:02:00,99,853.12,普通用餐
小包间D,8,2026-08-25,20:06:00,21:16:00,70,729.0,普通用餐
小包间C,8,2026-08-25,11:16:00,12:22:00,66,779.43,家庭聚餐
小包间C,8,2026-08-25,12:02:00,13:06:00,64,576.49,普通用餐
小包间C,8,2026-08-25,17:13:00,18:30:00,77,704.58,普通用餐
小包间C,8,2026-08-25,18:25:00,20:05:00,100,1019.72,家庭聚餐
大包间2,16,2026-08-25,11:17:00,12:35:00,78,1163.7,普通用餐
大包间2,16,2026-08-25,12:03:00,13:17:00,74,1252.21,家庭聚餐
大包间2,16,2026-08-25,18:24:00,20:02:00,98,1815.51,普通用餐
大包间2,16,2026-08-25,19:14:00,20:24:00,70,1425.64,家庭聚餐
大包间2,16,2026-08-25,20:03:00,21:20:00,77,1947.75,家庭聚餐
大厅2,4,2026-08-25,11:58:00,13:13:00,75,423.95,普通用餐
大厅2,4,2026-08-25,13:04:00,14:10:00,66,360.62,普通用餐
大厅2,4,2026-08-25,17:13:00,18:28:00,75,470.63,普通用餐
大厅2,4,2026-08-25,18:14:00,19:46:00,92,476.12,普通用餐
大厅2,4,2026-08-25,19:04:00,20:18:00,74,358.12,普通用餐
小包间B,8,2026-08-25,11:16:00,12:27:00,71,592.61,普通用餐
小包间B,8,2026-08-25,12:10:00,13:28:00,78,634.55,普通用餐
小包间B,8,2026-08-25,18:15:00,19:52:00,97,822.4,普通用餐
小包间B,8,2026-08-25,19:06:00,20:16:00,70,757.78,普通用餐
大厅3,4,2026-08-25,11:18:00,12:32:00,74,280.05,普通用餐
大厅3,4,2026-08-25,18:18:00,19:57:00,99,477.41,普通用餐
大厅3,4,2026-08-25,19:06:00,20:24:00,78,364.86,普通用餐
大厅1,4,2026-08-25,12:13:00,13:26:00,73,345.77,普通用餐
大厅1,4,2026-08-25,13:03:00,14:22:00,79,279.53,普通用餐
大厅1,4,2026-08-25,18:20:00,19:57:00,97,530.13,普通用餐
大厅1,4,2026-08-25,20:10:00,21:29:00,79,318.15,普通用餐
大厅8,4,2026-08-25,12:02:00,13:06:00,64,481.99,普通用餐
大厅8,4,2026-08-25,17:19:00,18:27:00,68,285.54,普通用餐
大厅8,4,2026-08-25,18:13:00,19:53:00,100,532.18,普通用餐
大厅8,4,2026-08-25,20:01:00,21:09:00,68,475.92,普通用餐
大包间1,12,2026-08-25,11:07:00,12:11:00,64,1020.44,家庭聚餐
大包间1,12,2026-08-25,13:07:00,14:19:00,72,1515.9,家庭聚餐
大包间1,12,2026-08-25,17:12:00,18:32:00,80,1524.4,普通用餐
大包间1,12,2026-08-25,18:24:00,20:06:00,102,1262.45,家庭聚餐
大包间1,12,2026-08-25,19:15:00,20:30:00,75,1447.91,家庭聚餐
大包间1,12,2026-08-25,20:12:00,21:32:00,80,1006.81,家庭聚餐
小包间D,8,2026-08-26,12:55:00,14:07:00,72,960.94,家庭聚餐
小包间D,8,2026-08-26,18:20:00,20:00:00,100,1190.07,普通用餐
小包间D,8,2026-08-26,20:08:00,21:15:00,67,944.01,家庭聚餐
大厅5,4,2026-08-26,11:10:00,12:14:00,64,306.53,普通用餐
大厅5,4,2026-08-26,12:53:00,14:05:00,72,280.73,普通用餐
大厅5,4,2026-08-26,17:28:00,18:46:00,78,503.19,普通用餐
大厅5,4,2026-08-26,18:19:00,19:52:00,93,455.74,普通用餐
大厅8,4,2026-08-26,12:02:00,13:15:00,73,496.84,普通用餐
大厅8,4,2026-08-26,18:27:00,19:59:00,92,553.83,普通用餐
大厅8,4,2026-08-26,20:07:00,21:12:00,65,273.52,普通用餐
大厅6,4,2026-08-26,11:18:00,12:35:00,77,493.48,普通用餐
大厅6,4,2026-08-26,12:00:00,13:13:00,73,485.78,普通用餐
大厅6,4,2026-08-26,17:26:00,18:39:00,73,319.56,普通用餐
大厅6,4,2026-08-26,18:20:00,19:52:00,92,473.3,普通用餐
大厅6,4,2026-08-26,19:11:00,20:16:00,65,416.74,普通用餐
大厅6,4,2026-08-26,20:08:00,21:26:00,78,374.5,普通用餐
小包间A,8,2026-08-26,12:08:00,13:15:00,67,858.52,家庭聚餐
小包间A,8,2026-08-26,17:28:00,18:39:00,71,548.91,普通用餐
小包间A,8,2026-08-26,18:23:00,20:04:00,101,960.51,普通用餐
小包间A,8,2026-08-26,19:10:00,20:14:00,64,573.98,家庭聚餐
小包间B,8,2026-08-26,11:09:00,12:21:00,72,695.62,普通用餐
小包间B,8,2026-08-26,12:01:00,13:08:00,67,760.9,普通用餐
小包间B,8,2026-08-26,18:27:00,20:09:00,102,735.88,普通用餐
大包间2,16,2026-08-26,11:18:00,12:38:00,80,1978.5,普通用餐
大包间2,16,2026-08-26,17:26:00,18:34:00,68,1517.9,普通用餐
大包间2,16,2026-08-26,18:24:00,20:03:00,99,1311.52,普通用餐
大包间2,16,2026-08-26,20:09:00,21:26:00,77,1166.32,普通用餐
大厅2,4,2026-08-26,11:10:00,12:21:00,71,282.2,普通用餐
大厅2,4,2026-08-26,13:00:00,14:04:00,64,408.63,普通用餐
大厅2,4,2026-08-26,18:16:00,19:53:00,97,670.98,普通用餐
大厅2,4,2026-08-26,20:12:00,21:20:00,68,391.72,普通用餐
小包间C,8,2026-08-26,13:08:00,14:12:00,64,924.88,普通用餐
小包间C,8,2026-08-26,17:16:00,18:34:00,78,598.95,普通用餐
小包间C,8,2026-08-26,18:24:00,20:00:00,96,955.72,家庭聚餐
大厅3,4,2026-08-26,11:07:00,12:22:00,75,342.47,普通用餐
大厅3,4,2026-08-26,11:58:00,13:06:00,68,462.69,普通用餐
大厅3,4,2026-08-26,12:58:00,14:10:00,72,367.59,普通用餐
大厅3,4,2026-08-26,17:26:00,18:42:00,76,286.48,普通用餐
大厅3,4,2026-08-26,18:27:00,20:00:00,93,512.67,普通用餐
大厅3,4,2026-08-26,19:02:00,20:15:00,73,404.41,普通用餐
大厅3,4,2026-08-26,20:03:00,21:10:00,67,372.23,普通用餐
大厅1,4,2026-08-26,11:03:00,12:07:00,64,294.45,普通用餐
大厅1,4,2026-08-26,18:12:00,19:53:00,101,565.2,普通用餐
大厅1,4,2026-08-26,19:10:00,20:19:00,69,375.97,普通用餐
大厅1,4,2026-08-26,19:58:00,21:16:00,78,472.15,普通用餐
大厅7,4,2026-08-26,13:04:00,14:22:00,78,445.02,普通用餐
大厅7,4,2026-08-26,18:23:00,20:03:00,100,586.68,普通用餐
大包间1,12,2026-08-26,11:07:00,12:24:00,77,1116.47,普通用餐
大包间1,12,2026-08-26,12:53:00,14:07:00,74,1125.95,普通用餐
大包间1,12,2026-08-26,17:19:00,18:37:00,78,1276.49,普通用餐
大包间1,12,2026-08-26,18:22:00,19:54:00,92,1377.83,家庭聚餐
大包间1,12,2026-08-26,19:17:00,20:37:00,80,941.25,普通用餐
大包间1,12,2026-08-26,20:10:00,21:29:00,79,1334.69,家庭聚餐
大包间2,16,2026-08-27,11:16:00,12:31:00,75,1837.21,普通用餐
大包间2,16,2026-08-27,11:57:00,13:10:00,73,1117.98,普通用餐
大包间2,16,2026-08-27,12:59:00,14:09:00,70,1272.73,普通用餐
大包间2,16,2026-08-27,17:12:00,18:20:00,68,1877.27,普通用餐
大包间2,16,2026-08-27,18:26:00,20:02:00,96,1638.77,家庭聚餐
大包间2,16,2026-08-27,19:09:00,20:15:00,66,1346.17,普通用餐
大厅1,4,2026-08-27,11:10:00,12:20:00,70,487.01,普通用餐
大厅1,4,2026-08-27,13:02:00,14:21:00,79,405.35,普通用餐
大厅1,4,2026-08-27,18:23:00,19:56:00,93,653.92,普通用餐
大厅6,4,2026-08-27,11:04:00,12:14:00,70,370.74,普通用餐
大厅6,4,2026-08-27,12:06:00,13:16:00,70,321.34,普通用餐
大厅6,4,2026-08-27,12:58:00,14:09:00,71,305.84,普通用餐
大厅6,4,2026-08-27,17:26:00,18:39:00,73,393.97,普通用餐
大厅6,4,2026-08-27,18:12:00,19:47:00,95,586.37,普通用餐
大厅6,4,2026-08-27,19:10:00,20:14:00,64,406.04,普通用餐
大厅6,4,2026-08-27,20:13:00,21:20:00,67,441.29,普通用餐
大包间1,12,2026-08-27,17:19:00,18:38:00,79,1510.1,普通用餐
大包间1,12,2026-08-27,18:14:00,19:52:00,98,1227.57,普通用餐
大包间1,12,2026-08-27,20:11:00,21:31:00,80,1158.18,普通用餐
小包间D,8,2026-08-27,11:57:00,13:01:00,64,1000.34,家庭聚餐
小包间D,8,2026-08-27,13:08:00,14:19:00,71,1004.54,家庭聚餐
小包间D,8,2026-08-27,18:18:00,19:59:00,101,1038.12,家庭聚餐
小包间D,8,2026-08-27,20:05:00,21:24:00,79,744.4,家庭聚餐
大厅7,4,2026-08-27,11:08:00,12:15:00,67,404.79,普通用餐
大厅7,4,2026-08-27,13:02:00,14:07:00,65,426.13,普通用餐
大厅7,4,2026-08-27,18:20:00,19:55:00,95,508.75,普通用餐
大厅8,4,2026-08-27,11:10:00,12:16:00,66,296.98,普通用餐
大厅8,4,2026-08-27,13:08:00,14:13:00,65,446.38,普通用餐
大厅8,4,2026-08-27,17:13:00,18:18:00,65,345.22,普通用餐
大厅8,4,2026-08-27,18:25:00,20:04:00,99,605.95,普通用餐
小包间C,8,2026-08-27,17:19:00,18:36:00,77,849.68,家庭聚餐
小包间C,8,2026-08-27,18:13:00,19:47:00,94,877.29,家庭聚餐
小包间C,8,2026-08-27,20:01:00,21:15:00,74,628.89,家庭聚餐
大厅3,4,2026-08-27,11:16:00,12:35:00,79,309.06,普通用餐
大厅3,4,2026-08-27,12:07:00,13:12:00,65,339.85,普通用餐
大厅3,4,2026-08-27,12:53:00,14:07:00,74,360.5,普通用餐
大厅3,4,2026-08-27,18:16:00,19:52:00,96,516.48,普通用餐
大厅3,4,2026-08-27,20:12:00,21:24:00,72,308.66,普通用餐
大厅5,4,2026-08-27,12:08:00,13:16:00,68,439.09,普通用餐
大厅5,4,2026-08-27,18:17:00,19:53:00,96,480.58,普通用餐
大厅5,4,2026-08-27,19:14:00,20:28:00,74,297.34,普通用餐
大厅5,4,2026-08-27,19:59:00,21:13:00,74,505.56,普通用餐
大厅4,4,2026-08-27,11:11:00,12:18:00,67,380.68,普通用餐
大厅4,4,2026-08-27,17:14:00,18:26:00,72,332.74,普通用餐
大厅4,4,2026-08-27,18:13:00,19:45:00,92,526.37,普通用餐
大厅4,4,2026-08-27,19:07:00,20:12:00,65,502.9,普通用餐
大厅2,4,2026-08-27,12:04:00,13:20:00,76,492.55,普通用餐
大厅2,4,2026-08-27,18:12:00,19:52:00,100,481.29,普通用餐
大厅2,4,2026-08-27,19:14:00,20:32:00,78,463.33,普通用餐
大厅2,4,2026-08-27,20:13:00,21:26:00,73,453.44,普通用餐
小包间A,8,2026-08-27,11:07:00,12:13:00,66,680.5,家庭聚餐
小包间A,8,2026-08-27,12:01:00,13:20:00,79,794.67,家庭聚餐
小包间A,8,2026-08-27,12:59:00,14:18:00,79,652.16,普通用餐
小包间A,8,2026-08-27,18:27:00,20:09:00,102,1094.66,普通用餐
小包间A,8,2026-08-27,19:14:00,20:18:00,64,761.34,普通用餐
大厅2,4,2026-08-28,11:15:00,12:35:00,80,314.15,普通用餐
大厅2,4,2026-08-28,18:16:00,19:50:00,94,657.36,普通用餐
大厅2,4,2026-08-28,19:18:00,20:23:00,65,295.78,普通用餐
大厅2,4,2026-08-28,20:00:00,21:19:00,79,378.71,普通用餐
大厅4,4,2026-08-28,11:07:00,12:13:00,66,313.05,普通用餐
大厅4,4,2026-08-28,12:06:00,13:12:00,66,500.64,普通用餐
大厅4,4,2026-08-28,13:06:00,14:22:00,76,361.11,普通用餐
大厅4,4,2026-08-28,17:21:00,18:28:00,67,438.36,普通用餐
大厅4,4,2026-08-28,18:13:00,19:54:00,101,512.4,普通用餐
大厅4,4,2026-08-28,19:03:00,20:21:00,78,410.41,普通用餐
大厅4,4,2026-08-28,20:04:00,21:08:00,64,404.99,普通用餐
大厅3,4,2026-08-28,11:08:00,12:21:00,73,470.14,普通用餐
大厅3,4,2026-08-28,13:03:00,14:07:00,64,333.5,普通用餐
大厅3,4,2026-08-28,18:20:00,20:00:00,100,658.17,普通用餐
大厅3,4,2026-08-28,19:06:00,20:23:00,77,408.2,普通用餐
小包间C,8,2026-08-28,17:16:00,18:24:00,68,982.95,普通用餐
小包间C,8,2026-08-28,18:14:00,19:49:00,95,1201.58,家庭聚餐
小包间C,8,2026-08-28,20:11:00,21:16:00,65,573.67,普通用餐
小包间D,8,2026-08-28,11:11:00,12:29:00,78,928.0,普通用餐
小包间D,8,2026-08-28,12:57:00,14:13:00,76,623.98,家庭聚餐
小包间D,8,2026-08-28,18:18:00,19:57:00,99,790.2,普通用餐
大厅5,4,2026-08-28,11:07:00,12:12:00,65,296.37,普通用餐
大厅5,4,2026-08-28,12:12:00,13:20:00,68,425.96,普通用餐
大厅5,4,2026-08-28,17:21:00,18:27:00,66,328.9,普通用餐
大厅5,4,2026-08-28,18:13:00,19:48:00,95,665.31,普通用餐
大厅5,4,2026-08-28,20:11:00,21:20:00,69,497.35,普通用餐
大包间2,16,2026-08-28,13:00:00,14:20:00,80,1308.88,家庭聚餐
大包间2,16,2026-08-28,17:26:00,18:42:00,76,1760.39,普通用餐
大包间2,16,2026-08-28,18:17:00,19:49:00,92,1656.58,家庭聚餐
大厅8,4,2026-08-28,12:00:00,13:19:00,79,440.62,普通用餐
大厅8,4,2026-08-28,17:13:00,18:17:00,64,425.48,普通用餐
大厅8,4,2026-08-28,18:15:00,19:50:00,95,521.2,普通用餐
小包间A,8,2026-08-28,11:06:00,12:22:00,76,766.34,家庭聚餐
小包间A,8,2026-08-28,17:28:00,18:35:00,67,822.61,普通用餐
小包间A,8,2026-08-28,18:21:00,19:54:00,93,844.89,家庭聚餐
小包间A,8,2026-08-28,20:09:00,21:16:00,67,934.41,普通用餐
大厅1,4,2026-08-28,11:08:00,12:17:00,69,488.25,普通用餐
大厅1,4,2026-08-28,12:58:00,14:12:00,74,347.15,普通用餐
大厅1,4,2026-08-28,17:28:00,18:40:00,72,272.73,普通用餐
大厅1,4,2026-08-28,18:16:00,19:57:00,101,657.79,普通用餐
大厅1,4,2026-08-28,20:07:00,21:18:00,71,497.0,普通用餐
大包间1,12,2026-08-28,11:14:00,12:28:00,74,1505.43,普通用餐
大包间1,12,2026-08-28,12:55:00,14:14:00,79,1059.29,普通用餐
大包间1,12,2026-08-28,18:25:00,20:00:00,95,1449.53,家庭聚餐
大包间1,12,2026-08-28,20:06:00,21:17:00,71,1273.81,普通用餐
大厅7,4,2026-08-28,17:13:00,18:31:00,78,357.68,普通用餐
大厅7,4,2026-08-28,18:28:00,20:00:00,92,583.7,普通用餐
大厅7,4,2026-08-28,19:16:00,20:21:00,65,491.13,普通用餐
大厅7,4,2026-08-28,20:07:00,21:26:00,79,428.46,普通用餐
小包间B,8,2026-08-28,18:18:00,19:57:00,99,1042.05,普通用餐
小包间B,8,2026-08-28,19:17:00,20:26:00,69,777.56,家庭聚餐
小包间B,8,2026-08-28,20:05:00,21:16:00,71,611.56,家庭聚餐
小包间B,8,2026-08-29,12:09:00,13:20:00,71,777.78,普通用餐
小包间B,8,2026-08-29,17:28:00,18:34:00,66,860.35,普通用餐
小包间B,8,2026-08-29,18:13:00,19:47:00,94,900.13,普通用餐
小包间B,8,2026-08-29,19:07:00,20:12:00,65,899.34,家庭聚餐
小包间B,8,2026-08-29,20:06:00,21:18:00,72,733.75,家庭聚餐
小包间D,8,2026-08-29,11:09:00,12:19:00,70,688.73,普通用餐
小包间D,8,2026-08-29,12:12:00,13:17:00,65,619.3,普通用餐
小包间D,8,2026-08-29,17:24:00,18:31:00,67,1003.22,普通用餐
小包间D,8,2026-08-29,18:12:00,19:47:00,95,783.61,普通用餐
小包间D,8,2026-08-29,19:05:00,20:25:00,80,956.24,家庭聚餐
大厅5,4,2026-08-29,12:03:00,13:21:00,78,464.52,普通用餐
大厅5,4,2026-08-29,12:58:00,14:04:00,66,348.8,普通用餐
大厅5,4,2026-08-29,17:25:00,18:37:00,72,478.01,普通用餐
大厅5,4,2026-08-29,18:21:00,19:53:00,92,665.17,普通用餐
大厅8,4,2026-08-29,11:08:00,12:28:00,80,315.25,普通用餐
大厅8,4,2026-08-29,12:13:00,13:19:00,66,424.77,普通用餐
大厅8,4,2026-08-29,13:05:00,14:20:00,75,385.58,普通用餐
大厅8,4,2026-08-29,18:17:00,19:56:00,99,638.29,普通用餐
大厅8,4,2026-08-29,19:18:00,20:30:00,72,451.53,普通用餐
大厅8,4,2026-08-29,20:12:00,21:19:00,67,341.12,普通用餐
大厅6,4,2026-08-29,12:55:00,14:12:00,77,382.11,普通用餐
大厅6,4,2026-08-29,18:18:00,19:58:00,100,576.27,普通用餐
大厅6,4,2026-08-29,19:07:00,20:15:00,68,459.77,普通用餐
大厅7,4,2026-08-29,11:18:00,12:34:00,76,423.53,普通用餐
大厅7,4,2026-08-29,12:13:00,13:33:00,80,490.44,普通用餐
大厅7,4,2026-08-29,17:21:00,18:26:00,65,305.35,普通用餐
大厅7,4,2026-08-29,18:20:00,19:55:00,95,525.18,普通用餐
小包间C,8,2026-08-29,11:59:00,13:03:00,64,671.31,普通用餐
小包间C,8,2026-08-29,13:07:00,14:25:00,78,717.01,普通用餐
小包间C,8,2026-08-29,17:19:00,18:30:00,71,922.78,普通用餐
小包间C,8,2026-08-29,19:17:00,20:29:00,72,752.71,家庭聚餐
小包间C,8,2026-08-29,19:58:00,21:12:00,74,982.2,普通用餐
大包间1,12,2026-08-29,11:11:00,12:25:00,74,822.7,普通用餐
大包间1,12,2026-08-29,12:09:00,13:27:00,78,830.94,家庭聚餐
大包间1,12,2026-08-29,18:16:00,19:49:00,93,1480.82,家庭聚餐
大包间1,12,2026-08-29,19:10:00,20:21:00,71,1125.07,家庭聚餐
大厅3,4,2026-08-29,13:05:00,14:19:00,74,363.09,普通用餐
大厅3,4,2026-08-29,18:25:00,20:06:00,101,632.63,普通用餐
大厅1,4,2026-08-29,12:04:00,13:10:00,66,288.69,普通用餐
大厅1,4,2026-08-29,12:57:00,14:14:00,77,496.99,普通用餐
大厅1,4,2026-08-29,17:26:00,18:33:00,67,310.43,普通用餐
大厅1,4,2026-08-29,18:18:00,19:56:00,98,511.72,普通用餐
大厅1,4,2026-08-29,19:04:00,20:10:00,66,356.78,普通用餐
大包间2,16,2026-08-29,11:18:00,12:26:00,68,1257.31,普通用餐
大包间2,16,2026-08-29,13:05:00,14:15:00,70,1379.7,普通用餐
大包间2,16,2026-08-29,17:25:00,18:31:00,66,1517.72,普通用餐
大包间2,16,2026-08-29,18:26:00,20:05:00,99,1317.57,家庭聚餐
大包间2,16,2026-08-29,19:18:00,20:23:00,65,1970.02,家庭聚餐
大包间2,16,2026-08-29,19:58:00,21:15:00,77,1103.87,普通用餐
大厅4,4,2026-08-29,11:02:00,12:13:00,71,316.84,普通用餐
大厅4,4,2026-08-29,17:20:00,18:29:00,69,406.97,普通用餐
大厅4,4,2026-08-29,18:14:00,19:48:00,94,670.65,普通用餐
大厅4,4,2026-08-29,20:08:00,21:27:00,79,314.4,普通用餐
